PRP6, 0.00184742447294
PRP7, 0.00418387307107
PRP4, 0.00787872201695
PRP5, 0.00076070419474
PRP2, 0.013910019561
PRP3, 0.0113018908933
PRP1, 0.00347750489024
PRP8, 0.00070636818083
PRP9, 0.00309715279287
JJ117, 5.433601391e-05
NN979, 5.433601391e-05
NN978, 5.433601391e-05
JJ440, 5.433601391e-05
NN975, 5.433601391e-05
NN974, 0.00010867202782
NN977, 5.433601391e-05
NN976, 5.433601391e-05
NN971, 5.433601391e-05
NN970, 0.00010867202782
NN973, 5.433601391e-05
NN972, 5.433601391e-05
JJ114, 0.00081504020865
VBN38, 0.00010867202782
VBN39, 0.00010867202782
VBN36, 0.00016300804173
VBN37, 0.00010867202782
VBN34, 0.00038035209737
VBN35, 0.00016300804173
VBN32, 5.433601391e-05
VBN33, 0.00010867202782
VBN30, 0.00021734405564
VBN31, 0.00016300804173
VBG20, 0.00010867202782
VBG21, 5.433601391e-05
VBG22, 5.433601391e-05
VBG23, 5.433601391e-05
VBG24, 5.433601391e-05
VBG25, 0.00021734405564
VBG26, 5.433601391e-05
VBG27, 5.433601391e-05
VBG28, 0.00016300804173
VBG29, 0.00010867202782
JJ110, 5.433601391e-05
JJ191, 0.00016300804173
JJ449, 5.433601391e-05
JJ448, 5.433601391e-05
VB71, 5.433601391e-05
VB70, 5.433601391e-05
VB73, 5.433601391e-05
RB13, 5.433601391e-05
RB12, 0.00027168006955
RB11, 0.00152140838948
RB10, 5.433601391e-05
RB17, 0.00010867202782
RB16, 0.00184742447294
RB15, 0.00173875244512
RB14, 0.00016300804173
VBP52, 0.00010867202782
VBP53, 5.433601391e-05
RB19, 0.00010867202782
RB18, 0.00032601608346
NN885, 5.433601391e-05
VBP57, 5.433601391e-05
NN887, 5.433601391e-05
VBP55, 5.433601391e-05
VB77, 5.433601391e-05
VB76, 0.00021734405564
JJ444, 5.433601391e-05
VBN60, 5.433601391e-05
VBG223, 5.433601391e-05
VBG222, 5.433601391e-05
VBG221, 5.433601391e-05
VBG220, 5.433601391e-05
VBG227, 5.433601391e-05
VBG226, 5.433601391e-05
VBG225, 5.433601391e-05
VBG224, 5.433601391e-05
VBG229, 5.433601391e-05
VBG228, 5.433601391e-05
NN256, 0.00010867202782
NNS329, 5.433601391e-05
NN182, 0.00016300804173
VBN65, 5.433601391e-05
NN379, 5.433601391e-05
NN378, 0.00043468811128
NN373, 0.00016300804173
NN372, 5.433601391e-05
NN371, 0.00021734405564
NN370, 5.433601391e-05
NN377, 5.433601391e-05
NN376, 5.433601391e-05
NN375, 5.433601391e-05
NN374, 0.00016300804173
JJ389, 5.433601391e-05
VBN140, 5.433601391e-05
NNS201, 0.00016300804173
NNS200, 0.00021734405564
NNS203, 5.433601391e-05
NNS202, 0.00010867202782
NNS205, 5.433601391e-05
NNS204, 5.433601391e-05
NNS207, 5.433601391e-05
NNS206, 5.433601391e-05
NNS209, 5.433601391e-05
NNS208, 5.433601391e-05
JJ379, 5.433601391e-05
JJ378, 5.433601391e-05
NN48, 0.00021734405564
NN49, 5.433601391e-05
NN44, 0.00027168006955
NN45, 0.00032601608346
NN46, 0.00016300804173
NN47, 5.433601391e-05
NN40, 5.433601391e-05
NN41, 0.0005433601391
NN42, 5.433601391e-05
NN43, 0.00027168006955
JJ153, 0.00038035209737
JJ152, 5.433601391e-05
JJ151, 5.433601391e-05
JJ150, 0.00010867202782
JJ157, 0.00010867202782
JJ156, 5.433601391e-05
JJ155, 0.00038035209737
JJ154, 5.433601391e-05
NN579, 0.00016300804173
NN578, 5.433601391e-05
JJ159, 5.433601391e-05
JJ158, 0.00010867202782
JJ401, 5.433601391e-05
JJ400, 5.433601391e-05
JJ403, 0.00010867202782
JJ402, 5.433601391e-05
VBD147, 5.433601391e-05
NNS326, 5.433601391e-05
VBD146, 5.433601391e-05
VBD145, 5.433601391e-05
VBD144, 5.433601391e-05
VBD143, 5.433601391e-05
VBD142, 0.00021734405564
VB3, 0.00304281677896
VB2, 0.00010867202782
VB1, 0.0010867202782
VB7, 0.00076070419474
VB6, 5.433601391e-05
VB5, 0.00065203216692
VB4, 5.433601391e-05
NNS335, 5.433601391e-05
NNS334, 5.433601391e-05
NNS337, 5.433601391e-05
NNS336, 5.433601391e-05
NN1261, 5.433601391e-05
NNS330, 5.433601391e-05
NNS333, 5.433601391e-05
NN1262, 5.433601391e-05
NNS155, 5.433601391e-05
NNS154, 5.433601391e-05
NNP2, 5.433601391e-05
NNP3, 5.433601391e-05
NNS151, 5.433601391e-05
NN798, 5.433601391e-05
NNS153, 5.433601391e-05
NNS152, 5.433601391e-05
NN795, 0.00021734405564
NN794, 5.433601391e-05
NN797, 0.00010867202782
NN796, 5.433601391e-05
NNS159, 5.433601391e-05
NNS158, 5.433601391e-05
NN793, 5.433601391e-05
NN792, 5.433601391e-05
NN153, 5.433601391e-05
NNS65, 5.433601391e-05
NNS66, 5.433601391e-05
NNS67, 5.433601391e-05
NNS60, 5.433601391e-05
NNS61, 5.433601391e-05
NNS62, 0.00010867202782
NNS63, 0.00010867202782
NN405, 0.00010867202782
NN404, 0.00010867202782
NN159, 5.433601391e-05
NN158, 0.00010867202782
NN401, 5.433601391e-05
NNS69, 5.433601391e-05
NN403, 0.00027168006955
NN402, 5.433601391e-05
VBN24, 0.00016300804173
NN1009, 5.433601391e-05
NN1008, 5.433601391e-05
NN1001, 5.433601391e-05
NN1000, 5.433601391e-05
NN1003, 0.00010867202782
NN1002, 5.433601391e-05
NN1005, 5.433601391e-05
NN1004, 5.433601391e-05
NN1007, 5.433601391e-05
NN1006, 5.433601391e-05
NNS229, 5.433601391e-05
NNS228, 5.433601391e-05
NN1079, 5.433601391e-05
NN424, 5.433601391e-05
RB153, 5.433601391e-05
RB152, 5.433601391e-05
RB151, 5.433601391e-05
RB150, 5.433601391e-05
RB157, 5.433601391e-05
RB156, 5.433601391e-05
RB155, 0.00010867202782
RB154, 0.00010867202782
RB159, 5.433601391e-05
RB158, 5.433601391e-05
NN1135, 5.433601391e-05
NN1134, 5.433601391e-05
NN1137, 5.433601391e-05
NN1136, 5.433601391e-05
NN1131, 5.433601391e-05
NN1130, 5.433601391e-05
NN1133, 5.433601391e-05
NNS222, 5.433601391e-05
NN1139, 5.433601391e-05
NN1138, 5.433601391e-05
JJ37, 0.00027168006955
VBN61, 5.433601391e-05
JJ204, 0.00010867202782
NN184, 0.00021734405564
JJ257, 5.433601391e-05
VBD228, 5.433601391e-05
VBD229, 5.433601391e-05
VBD226, 5.433601391e-05
VBD227, 5.433601391e-05
VBD224, 5.433601391e-05
VBD225, 5.433601391e-05
VBD222, 5.433601391e-05
VBD223, 5.433601391e-05
VBD220, 5.433601391e-05
VBD221, 5.433601391e-05
NN968, 5.433601391e-05
NN969, 5.433601391e-05
NN966, 5.433601391e-05
NN967, 5.433601391e-05
NN964, 5.433601391e-05
NN965, 5.433601391e-05
NN962, 5.433601391e-05
NN963, 5.433601391e-05
NN960, 5.433601391e-05
NN961, 5.433601391e-05
VBD138, 5.433601391e-05
VBD139, 5.433601391e-05
VBG125, 5.433601391e-05
VBD132, 5.433601391e-05
VBD133, 5.433601391e-05
VBD130, 5.433601391e-05
VBD131, 5.433601391e-05
VBD136, 5.433601391e-05
VBD137, 5.433601391e-05
VBD134, 5.433601391e-05
VBD135, 0.00010867202782
NN932, 5.433601391e-05
NN181, 5.433601391e-05
VBD183, 5.433601391e-05
VBD49, 0.00081504020865
VBD48, 0.00092371223647
VBN8, 0.00010867202782
VBN9, 5.433601391e-05
VBN6, 5.433601391e-05
VBN7, 5.433601391e-05
VBN4, 0.00021734405564
VBN5, 5.433601391e-05
VBD41, 5.433601391e-05
VBN3, 0.00016300804173
VBD43, 0.00130406433384
VBN1, 0.00010867202782
VB17, 0.00010867202782
VB16, 0.00016300804173
VB15, 5.433601391e-05
VB14, 0.00016300804173
VB13, 0.00043468811128
VB12, 0.00016300804173
VB11, 0.00010867202782
VB10, 0.00092371223647
DT13, 5.433601391e-05
VBP58, 5.433601391e-05
VB19, 5.433601391e-05
VB18, 0.00010867202782
NN225, 5.433601391e-05
NN898, 5.433601391e-05
NN899, 5.433601391e-05
VBD185, 5.433601391e-05
RB28, 5.433601391e-05
RB29, 5.433601391e-05
RB26, 0.00320582482069
RB27, 0.00010867202782
RB24, 0.00021734405564
RB25, 5.433601391e-05
RB22, 0.00081504020865
RB23, 0.00287980873723
RB20, 5.433601391e-05
RB21, 0.00043468811128
NN226, 0.00114105629211
NN221, 5.433601391e-05
NN220, 5.433601391e-05
NN881, 5.433601391e-05
NN223, 5.433601391e-05
NN880, 5.433601391e-05
IN14, 0.00228211258422
JJ136, 0.00010867202782
VBP50, 5.433601391e-05
VBP51, 5.433601391e-05
VBP56, 5.433601391e-05
NN388, 0.00016300804173
NN884, 5.433601391e-05
NN389, 0.00048902412519
VBP54, 5.433601391e-05
VBG148, 5.433601391e-05
VBG149, 5.433601391e-05
VBG146, 5.433601391e-05
VBG147, 5.433601391e-05
VBG144, 5.433601391e-05
VBG145, 5.433601391e-05
VBG142, 0.00010867202782
VBG143, 5.433601391e-05
VBG140, 5.433601391e-05
VBG141, 5.433601391e-05
JJR14, 5.433601391e-05
IN12, 0.00630297761356
NNS111, 5.433601391e-05
NNS147, 0.00016300804173
NN384, 0.00016300804173
NN385, 5.433601391e-05
NN1247, 5.433601391e-05
NN1246, 5.433601391e-05
NN1245, 5.433601391e-05
VBZ87, 5.433601391e-05
VBZ86, 5.433601391e-05
VBZ85, 0.00010867202782
NN1244, 5.433601391e-05
VBZ83, 5.433601391e-05
VBZ82, 5.433601391e-05
VBZ81, 0.00010867202782
VBZ80, 5.433601391e-05
NN1243, 5.433601391e-05
VBZ89, 5.433601391e-05
NN1242, 5.433601391e-05
JJ364, 5.433601391e-05
JJ365, 0.00010867202782
JJ366, 5.433601391e-05
JJ367, 5.433601391e-05
JJ360, 5.433601391e-05
JJ361, 5.433601391e-05
JJ362, 5.433601391e-05
JJ363, 5.433601391e-05
NNS234, 0.00010867202782
NNS235, 5.433601391e-05
NNS236, 5.433601391e-05
NNS237, 5.433601391e-05
NNS230, 5.433601391e-05
NNS231, 5.433601391e-05
NNS232, 5.433601391e-05
NNS233, 5.433601391e-05
NN1316, 5.433601391e-05
NN643, 0.00010867202782
NN59, 0.00059769615301
NN58, 0.00016300804173
NN57, 0.00027168006955
NN56, 0.00021734405564
NN55, 5.433601391e-05
NN54, 5.433601391e-05
NN53, 0.00016300804173
NN52, 5.433601391e-05
NN51, 0.00010867202782
NN50, 0.00010867202782
NN562, 5.433601391e-05
NN563, 0.00010867202782
NN560, 0.00016300804173
NN561, 5.433601391e-05
JJ148, 0.00010867202782
JJ149, 5.433601391e-05
NN564, 5.433601391e-05
NN565, 5.433601391e-05
JJ144, 5.433601391e-05
JJ145, 0.00010867202782
JJ146, 0.00076070419474
JJ147, 0.00016300804173
JJ140, 5.433601391e-05
JJ141, 5.433601391e-05
JJ142, 0.00010867202782
JJ143, 0.00021734405564
NN199, 5.433601391e-05
NN1249, 5.433601391e-05
NN355, 5.433601391e-05
VBD181, 5.433601391e-05
NN1248, 5.433601391e-05
NN310, 5.433601391e-05
NNS322, 5.433601391e-05
NN364, 5.433601391e-05
NN365, 0.00021734405564
NN366, 5.433601391e-05
NN367, 0.00010867202782
NN360, 5.433601391e-05
NN361, 0.00016300804173
NN362, 0.00016300804173
NN363, 5.433601391e-05
NNS300, 0.00010867202782
NN1251, 5.433601391e-05
NNS302, 5.433601391e-05
NNS303, 5.433601391e-05
NN368, 0.00032601608346
NN369, 5.433601391e-05
NNS306, 5.433601391e-05
JJ228, 5.433601391e-05
NNS160, 0.00021734405564
NNS161, 5.433601391e-05
NNS162, 5.433601391e-05
NNS163, 0.00021734405564
NNS164, 0.00010867202782
NNS165, 5.433601391e-05
NNS166, 5.433601391e-05
NNS167, 0.00010867202782
NNS168, 5.433601391e-05
NNS169, 5.433601391e-05
NN784, 5.433601391e-05
NN785, 0.00016300804173
NN782, 5.433601391e-05
NN783, 5.433601391e-05
NN780, 0.00027168006955
NN781, 5.433601391e-05
NNS11, 5.433601391e-05
NNS10, 5.433601391e-05
NNS13, 0.00010867202782
NNS12, 0.00032601608346
NNS15, 0.00021734405564
NNS14, 5.433601391e-05
NN418, 0.00010867202782
NN419, 5.433601391e-05
NN416, 5.433601391e-05
NN417, 0.00032601608346
NN414, 5.433601391e-05
NN147, 5.433601391e-05
NN412, 0.00032601608346
NN141, 0.00016300804173
NN142, 5.433601391e-05
NN143, 5.433601391e-05
NN1034, 0.00010867202782
NN1035, 5.433601391e-05
NN1036, 0.00027168006955
JJ554, 5.433601391e-05
NN1030, 0.00010867202782
NN1031, 0.00010867202782
NN1032, 5.433601391e-05
NN1033, 5.433601391e-05
JJ553, 5.433601391e-05
JJ187, 0.00010867202782
NN1038, 5.433601391e-05
NN1039, 5.433601391e-05
JJ552, 5.433601391e-05
JJ551, 5.433601391e-05
NN257, 5.433601391e-05
RB148, 5.433601391e-05
RB149, 5.433601391e-05
RB144, 5.433601391e-05
RB145, 5.433601391e-05
RB146, 5.433601391e-05
RB147, 0.00010867202782
RB140, 5.433601391e-05
RB141, 5.433601391e-05
RB142, 5.433601391e-05
RB143, 5.433601391e-05
JJ88, 5.433601391e-05
JJ89, 0.00016300804173
NN1102, 0.00010867202782
NN1103, 5.433601391e-05
NN1104, 5.433601391e-05
NN1105, 5.433601391e-05
NN1106, 5.433601391e-05
NN1107, 0.00010867202782
JJ80, 0.00010867202782
JJ81, 0.00027168006955
JJ82, 0.00043468811128
JJ83, 0.00016300804173
JJ84, 5.433601391e-05
JJ85, 0.00021734405564
JJ86, 0.00010867202782
JJ87, 5.433601391e-05
NNP4, 5.433601391e-05
VBD239, 5.433601391e-05
VBD238, 5.433601391e-05
VBD235, 5.433601391e-05
VBD234, 0.00016300804173
VBD237, 5.433601391e-05
VBD236, 5.433601391e-05
VBD231, 5.433601391e-05
VBD230, 5.433601391e-05
VBD233, 5.433601391e-05
VBD232, 5.433601391e-05
VBZ20, 0.00032601608346
NN131, 5.433601391e-05
NN130, 0.00021734405564
NN133, 0.00021734405564
NN188, 5.433601391e-05
VBN14, 5.433601391e-05
VBN15, 5.433601391e-05
VBN16, 0.00010867202782
VBN17, 5.433601391e-05
VBN10, 0.00032601608346
VBN11, 5.433601391e-05
VBN12, 5.433601391e-05
VBN13, 5.433601391e-05
NN953, 5.433601391e-05
NN952, 5.433601391e-05
NN951, 5.433601391e-05
NN950, 5.433601391e-05
VBN18, 5.433601391e-05
VBN19, 5.433601391e-05
NN955, 5.433601391e-05
NN426, 5.433601391e-05
VBD129, 5.433601391e-05
VBD128, 5.433601391e-05
NN137, 0.00010867202782
NN844, 5.433601391e-05
VBD121, 5.433601391e-05
VBD120, 5.433601391e-05
VBD123, 5.433601391e-05
VBD122, 0.0005433601391
VBD125, 0.00016300804173
VBD124, 5.433601391e-05
VBD127, 0.0005433601391
VBD126, 5.433601391e-05
NN1189, 5.433601391e-05
VBZ8, 0.00010867202782
VBD58, 5.433601391e-05
VBD59, 5.433601391e-05
VBD56, 0.00201043251467
VBD57, 0.00048902412519
VBD54, 0.00010867202782
VBD55, 5.433601391e-05
VBD52, 5.433601391e-05
VBD53, 0.00016300804173
VBD50, 5.433601391e-05
VBD51, 0.00179308845903
VB22, 5.433601391e-05
VB23, 0.00016300804173
VB20, 0.00059769615301
VB21, 0.0005433601391
VB26, 0.00016300804173
VB27, 5.433601391e-05
VBP76, 5.433601391e-05
VB25, 0.0005433601391
VB28, 0.00048902412519
VB29, 0.00173875244512
RB39, 5.433601391e-05
RB38, 0.00016300804173
RB31, 5.433601391e-05
RB30, 0.00016300804173
RB33, 0.00016300804173
RB32, 0.00190176048685
RB35, 5.433601391e-05
RB34, 5.433601391e-05
RB37, 0.00016300804173
RB36, 0.00021734405564
NN1183, 5.433601391e-05
NN1185, 5.433601391e-05
JJ262, 5.433601391e-05
JJS9, 5.433601391e-05
JJS8, 5.433601391e-05
VBG159, 5.433601391e-05
VBG158, 5.433601391e-05
VBG155, 5.433601391e-05
VBG154, 5.433601391e-05
VBG157, 5.433601391e-05
VBG156, 0.00010867202782
VBG151, 5.433601391e-05
VBG150, 5.433601391e-05
VBG153, 5.433601391e-05
VBG152, 0.00010867202782
JJS1, 0.00021734405564
JJ473, 5.433601391e-05
NN889, 5.433601391e-05
JJ455, 0.00010867202782
JJS3, 5.433601391e-05
JJS2, 5.433601391e-05
JJS5, 5.433601391e-05
JJS4, 5.433601391e-05
JJS7, 5.433601391e-05
JJS6, 0.00010867202782
NN32, 5.433601391e-05
NN408, 0.00038035209737
NN346, 5.433601391e-05
VBN66, 5.433601391e-05
NN180, 5.433601391e-05
VBZ90, 5.433601391e-05
VBZ91, 5.433601391e-05
VBZ92, 5.433601391e-05
VBZ93, 0.00010867202782
VBZ94, 0.00010867202782
VBZ95, 5.433601391e-05
VBZ96, 5.433601391e-05
VBZ97, 5.433601391e-05
VBZ98, 5.433601391e-05
JJ311, 5.433601391e-05
JJ310, 5.433601391e-05
JJ313, 0.00021734405564
JJ312, 5.433601391e-05
JJ315, 5.433601391e-05
JJ314, 5.433601391e-05
JJ317, 5.433601391e-05
JJ316, 5.433601391e-05
NNS223, 5.433601391e-05
JJ318, 5.433601391e-05
NNS221, 0.00038035209737
NNS220, 5.433601391e-05
NNS227, 0.00010867202782
NNS226, 5.433601391e-05
NNS225, 0.00027168006955
NNS224, 0.00027168006955
NN68, 0.00021734405564
NN69, 0.00135840034775
NN62, 0.00032601608346
NN63, 5.433601391e-05
NN60, 0.00010867202782
NN61, 5.433601391e-05
NN66, 0.00016300804173
NN67, 0.00016300804173
NN64, 0.00016300804173
NN65, 0.00016300804173
JJ139, 5.433601391e-05
JJ138, 5.433601391e-05
JJ429, 5.433601391e-05
JJ428, 5.433601391e-05
NN229, 5.433601391e-05
NN228, 0.00059769615301
NN559, 0.00010867202782
NN558, 5.433601391e-05
JJ131, 0.00027168006955
NN224, 0.00043468811128
NN227, 0.00021734405564
JJ132, 0.00016300804173
JJ135, 5.433601391e-05
JJ134, 5.433601391e-05
JJ137, 0.00016300804173
NN222, 5.433601391e-05
NNS317, 5.433601391e-05
NNS316, 0.00010867202782
NNS315, 5.433601391e-05
NNS314, 5.433601391e-05
NNS313, 5.433601391e-05
NNS312, 5.433601391e-05
NNS311, 5.433601391e-05
NNS310, 5.433601391e-05
NN183, 5.433601391e-05
NNS319, 5.433601391e-05
NNS318, 5.433601391e-05
NN311, 0.00010867202782
NN856, 5.433601391e-05
NN313, 5.433601391e-05
NN312, 0.00016300804173
JJ229, 0.00010867202782
NN314, 0.00010867202782
NN317, 0.00010867202782
NN316, 0.00010867202782
JJ557, 5.433601391e-05
NN318, 5.433601391e-05
JJ227, 5.433601391e-05
JJ226, 5.433601391e-05
JJ221, 5.433601391e-05
JJ220, 5.433601391e-05
JJ223, 5.433601391e-05
JJ222, 0.00016300804173
VB50, 0.00021734405564
NNS179, 5.433601391e-05
NNS178, 5.433601391e-05
NNS177, 5.433601391e-05
NN852, 5.433601391e-05
NNS175, 0.00010867202782
NNS174, 5.433601391e-05
NNS173, 5.433601391e-05
NNS172, 5.433601391e-05
NNS171, 0.00016300804173
NNS170, 5.433601391e-05
NN139, 0.00027168006955
NN138, 0.00032601608346
NN429, 0.00010867202782
NN428, 0.00048902412519
VB55, 0.00016300804173
NN423, 0.00010867202782
NN422, 5.433601391e-05
NN421, 5.433601391e-05
NN420, 0.00016300804173
NN427, 5.433601391e-05
NN134, 5.433601391e-05
NN425, 5.433601391e-05
NN136, 0.00032601608346
NN1023, 5.433601391e-05
NN1022, 5.433601391e-05
NN1021, 5.433601391e-05
NN1020, 5.433601391e-05
NN1027, 5.433601391e-05
NN1026, 0.00010867202782
NN1025, 0.00016300804173
NN1024, 5.433601391e-05
NN1029, 5.433601391e-05
NN1028, 5.433601391e-05
NN721, 5.433601391e-05
WDT1, 0.00092371223647
WDT2, 0.0059769615301
VBD29, 5.433601391e-05
VBD160, 5.433601391e-05
NN186, 0.00027168006955
VBD28, 5.433601391e-05
RB139, 5.433601391e-05
RB138, 5.433601391e-05
RB131, 5.433601391e-05
RB130, 5.433601391e-05
RB133, 5.433601391e-05
RB132, 5.433601391e-05
RB135, 5.433601391e-05
RB134, 5.433601391e-05
RB137, 5.433601391e-05
RB136, 5.433601391e-05
JJ99, 0.00032601608346
JJ98, 0.00016300804173
NN1119, 5.433601391e-05
NN1118, 5.433601391e-05
NN1117, 5.433601391e-05
NN1116, 5.433601391e-05
NN1115, 5.433601391e-05
JJ90, 5.433601391e-05
NN1113, 5.433601391e-05
JJ96, 5.433601391e-05
JJ95, 5.433601391e-05
NN1110, 5.433601391e-05
NN799, 5.433601391e-05
CC2, 0.00179308845903
VBD208, 5.433601391e-05
VBD209, 5.433601391e-05
VBD200, 5.433601391e-05
VBD201, 5.433601391e-05
VBD202, 0.00016300804173
VBD203, 5.433601391e-05
VBD204, 5.433601391e-05
VBD205, 5.433601391e-05
VBD206, 5.433601391e-05
VBD207, 0.00016300804173
VBD25, 5.433601391e-05
NN439, 5.433601391e-05
NN1108, 0.00038035209737
NN1052, 5.433601391e-05
NN179, 5.433601391e-05
NN1053, 0.00027168006955
NN1219, 5.433601391e-05
NNS352, 0.00010867202782
NN944, 5.433601391e-05
NN945, 0.00010867202782
NN946, 0.00021734405564
NN947, 0.00016300804173
NN940, 5.433601391e-05
NN941, 5.433601391e-05
NN942, 0.00010867202782
NN943, 5.433601391e-05
NN948, 0.00010867202782
NN949, 0.00010867202782
NNS26, 0.00027168006955
VBD114, 5.433601391e-05
VBD115, 5.433601391e-05
VBD116, 0.00016300804173
VBN62, 5.433601391e-05
VBD110, 5.433601391e-05
VBN64, 0.00010867202782
VBN67, 5.433601391e-05
VBD113, 5.433601391e-05
VBN69, 5.433601391e-05
VBN68, 0.00048902412519
VBD118, 0.00016300804173
VBD119, 5.433601391e-05
NN1112, 0.00010867202782
FW2, 0.00038035209737
JJ94, 0.00010867202782
VBP4, 0.00260812866768
VBP5, 0.00130406433384
VBP6, 0.00152140838948
VBP7, 0.00016300804173
VBP1, 5.433601391e-05
VBP2, 0.00038035209737
VBP3, 0.00119539230602
VBP8, 0.00016300804173
VBP9, 0.00195609650076
VBD69, 0.00048902412519
VBD68, 5.433601391e-05
RB81, 5.433601391e-05
VBD63, 0.00010867202782
VBD62, 0.00016300804173
VBD61, 0.00032601608346
VBD60, 0.00021734405564
VBD67, 0.00038035209737
VBD66, 5.433601391e-05
VBD65, 5.433601391e-05
VBD64, 0.00010867202782
MD2, 0.00081504020865
VB39, 5.433601391e-05
VB38, 5.433601391e-05
VB35, 5.433601391e-05
VB34, 5.433601391e-05
VB37, 0.00010867202782
VB36, 0.00027168006955
VB31, 5.433601391e-05
VB30, 0.00016300804173
VB33, 5.433601391e-05
VB32, 5.433601391e-05
NN1215, 5.433601391e-05
RB87, 0.00010867202782
NN254, 5.433601391e-05
IN36, 0.00016300804173
JJ93, 0.00027168006955
JJ373, 5.433601391e-05
JJ372, 5.433601391e-05
NN255, 0.00010867202782
JJ371, 5.433601391e-05
JJ370, 5.433601391e-05
JJ92, 0.00021734405564
JJ377, 5.433601391e-05
JJ376, 5.433601391e-05
VBG168, 5.433601391e-05
VBG169, 5.433601391e-05
NN198, 5.433601391e-05
JJ375, 5.433601391e-05
VBG160, 5.433601391e-05
VBG161, 0.00010867202782
VBG162, 5.433601391e-05
VBG163, 5.433601391e-05
VBG164, 5.433601391e-05
VBG165, 5.433601391e-05
VBG166, 5.433601391e-05
VBG167, 5.433601391e-05
NN571, 5.433601391e-05
JJ91, 5.433601391e-05
NN570, 5.433601391e-05
NN573, 0.00010867202782
NN572, 0.00016300804173
IN39, 0.00010867202782
NN575, 0.00010867202782
NN574, 0.00016300804173
JJ210, 5.433601391e-05
NN577, 5.433601391e-05
NN576, 0.00010867202782
JJ405, 5.433601391e-05
RB76, 5.433601391e-05
JJ404, 5.433601391e-05
RB71, 0.00010867202782
NN1393, 5.433601391e-05
RB70, 5.433601391e-05
JJ97, 5.433601391e-05
JJ406, 5.433601391e-05
NN1395, 5.433601391e-05
NN533, 0.00016300804173
NN1394, 5.433601391e-05
VBZ69, 5.433601391e-05
VBZ68, 5.433601391e-05
VBZ65, 5.433601391e-05
VBZ64, 0.00010867202782
VBZ67, 5.433601391e-05
VBZ66, 5.433601391e-05
VBZ61, 0.00010867202782
VBZ60, 0.00010867202782
VBZ63, 5.433601391e-05
VBZ62, 5.433601391e-05
NN75, 0.00021734405564
NN74, 0.00043468811128
NN77, 5.433601391e-05
NN76, 0.00021734405564
NN71, 0.00021734405564
NN70, 5.433601391e-05
NN73, 0.00010867202782
NN72, 5.433601391e-05
RB79, 5.433601391e-05
JJ308, 5.433601391e-05
JJ309, 5.433601391e-05
NN79, 0.00032601608346
NN78, 0.00021734405564
RB78, 5.433601391e-05
NN668, 5.433601391e-05
NN548, 5.433601391e-05
NN549, 5.433601391e-05
JJ128, 5.433601391e-05
JJ129, 0.00016300804173
NN678, 0.00010867202782
NN238, 0.00038035209737
NN239, 5.433601391e-05
JJ122, 0.0005433601391
JJ123, 0.00038035209737
JJ120, 5.433601391e-05
NN235, 5.433601391e-05
NN232, 5.433601391e-05
JJ127, 5.433601391e-05
JJ124, 5.433601391e-05
JJ125, 5.433601391e-05
NN1317, 5.433601391e-05
NNS146, 5.433601391e-05
NN674, 5.433601391e-05
NN1232, 5.433601391e-05
NN1233, 0.00010867202782
NN1230, 5.433601391e-05
NNS361, 5.433601391e-05
NN1236, 5.433601391e-05
NN1237, 5.433601391e-05
NN1234, 5.433601391e-05
NN1235, 5.433601391e-05
NN1238, 5.433601391e-05
NN1239, 5.433601391e-05
NN302, 0.00016300804173
NN303, 5.433601391e-05
NN300, 5.433601391e-05
NN301, 5.433601391e-05
NN306, 5.433601391e-05
NN307, 5.433601391e-05
NN304, 5.433601391e-05
NN305, 5.433601391e-05
JJ236, 5.433601391e-05
JJ237, 5.433601391e-05
NN308, 5.433601391e-05
NN309, 0.00010867202782
JJ232, 5.433601391e-05
JJ233, 0.00016300804173
JJ546, 5.433601391e-05
JJ231, 5.433601391e-05
NNS9, 0.00173875244512
NNS8, 5.433601391e-05
NN436, 5.433601391e-05
NNS109, 0.00010867202782
NN430, 5.433601391e-05
NN431, 0.00010867202782
NN432, 5.433601391e-05
NN433, 5.433601391e-05
NNS1, 5.433601391e-05
NNS103, 5.433601391e-05
NNS3, 0.00478156922408
NNS2, 0.00010867202782
NNS5, 0.00086937622256
NNS4, 0.00010867202782
NNS7, 0.00021734405564
NNS6, 5.433601391e-05
NN128, 5.433601391e-05
NN129, 0.00016300804173
NNS39, 5.433601391e-05
NNS38, 0.00032601608346
NN122, 0.00032601608346
NN123, 0.00021734405564
NNS35, 5.433601391e-05
NNS34, 5.433601391e-05
NN126, 0.00016300804173
NN127, 0.00021734405564
NN124, 0.00032601608346
NN125, 0.00048902412519
JJ434, 5.433601391e-05
JJ435, 5.433601391e-05
JJ436, 0.00010867202782
JJ437, 5.433601391e-05
JJ430, 5.433601391e-05
JJ431, 5.433601391e-05
JJ432, 5.433601391e-05
JJ433, 5.433601391e-05
NN1346, 5.433601391e-05
NN1347, 5.433601391e-05
NN1344, 5.433601391e-05
NN1345, 5.433601391e-05
NN1342, 5.433601391e-05
JJ439, 5.433601391e-05
NN1340, 0.00016300804173
NN1341, 5.433601391e-05
IN8, 0.00412953705716
IN9, 0.00135840034775
IN4, 0.00690067376657
IN5, 0.00032601608346
IN6, 0.00168441643121
IN7, 0.0134209954358
IN1, 0.00353184090415
IN2, 0.00467289719626
IN3, 0.0216257335362
NNS37, 0.00021734405564
WRB1, 0.00059769615301
NN272, 5.433601391e-05
WRB3, 0.00081504020865
WRB2, 0.00097804825038
WRB4, 0.0010867202782
NN273, 5.433601391e-05
RB122, 5.433601391e-05
RB123, 0.00010867202782
RB120, 0.00016300804173
RB121, 0.00016300804173
RB126, 0.00021734405564
RB127, 5.433601391e-05
RB124, 5.433601391e-05
RB125, 0.00043468811128
NN1168, 5.433601391e-05
NN1169, 5.433601391e-05
NNS36, 0.00021734405564
NN679, 5.433601391e-05
NN1162, 5.433601391e-05
NN1163, 5.433601391e-05
NN1160, 5.433601391e-05
NN1161, 5.433601391e-05
NN1166, 5.433601391e-05
NN1167, 5.433601391e-05
NN1164, 5.433601391e-05
NN1165, 0.00027168006955
VBD217, 5.433601391e-05
VBD216, 5.433601391e-05
VBD215, 5.433601391e-05
VBD214, 5.433601391e-05
VBD213, 5.433601391e-05
VBD212, 5.433601391e-05
VBD211, 0.00010867202782
VBD210, 5.433601391e-05
VB9, 5.433601391e-05
VBD219, 5.433601391e-05
VBD218, 5.433601391e-05
VB8, 0.00010867202782
NNS331, 5.433601391e-05
NN1260, 5.433601391e-05
CD14, 5.433601391e-05
CD12, 5.433601391e-05
CD13, 5.433601391e-05
CD10, 5.433601391e-05
CD11, 5.433601391e-05
NNS332, 5.433601391e-05
IN25, 0.00027168006955
JJ9, 0.00782438600304
NNP1, 5.433601391e-05
JJ7, 5.433601391e-05
JJ6, 0.00114105629211
JJ5, 5.433601391e-05
JJ4, 5.433601391e-05
JJ3, 0.00016300804173
NNS157, 5.433601391e-05
JJ1, 0.012062595088
NN931, 5.433601391e-05
NN930, 5.433601391e-05
NN933, 5.433601391e-05
NNS156, 0.00010867202782
NN935, 5.433601391e-05
NN934, 5.433601391e-05
NN937, 5.433601391e-05
NN936, 5.433601391e-05
NN939, 0.00016300804173
NN938, 0.00010867202782
IN29, 0.00038035209737
NNS150, 5.433601391e-05
VBD103, 5.433601391e-05
VBD102, 5.433601391e-05
VBD101, 0.00010867202782
VBD100, 0.00027168006955
VBD107, 0.00032601608346
VBD106, 5.433601391e-05
VBD105, 5.433601391e-05
VBD104, 5.433601391e-05
JJ22, 0.00010867202782
VBD109, 0.00016300804173
VBD108, 5.433601391e-05
NN195, 0.00021734405564
VBD74, 5.433601391e-05
VBD75, 0.00081504020865
VBD76, 0.00016300804173
VBD77, 0.00010867202782
VBD70, 5.433601391e-05
VBD71, 5.433601391e-05
VBD72, 0.00032601608346
VBD73, 0.00032601608346
NN791, 0.00010867202782
VBD78, 5.433601391e-05
VBN63, 5.433601391e-05
NN790, 0.00016300804173
VBD117, 0.00021734405564
VBG200, 5.433601391e-05
WP$1, 5.433601391e-05
VBD111, 5.433601391e-05
VB48, 5.433601391e-05
VB49, 5.433601391e-05
NN849, 5.433601391e-05
VBD112, 5.433601391e-05
NN152, 0.00032601608346
VB40, 0.00016300804173
VB41, 0.00010867202782
VB42, 0.00010867202782
VB43, 5.433601391e-05
VB44, 5.433601391e-05
VB45, 0.00016300804173
VB46, 0.00032601608346
VB47, 0.00010867202782
NNS328, 5.433601391e-05
NN150, 0.00010867202782
VBG207, 0.00010867202782
NN409, 0.00010867202782
NN156, 5.433601391e-05
JJS11, 5.433601391e-05
JJS10, 0.00016300804173
NN155, 5.433601391e-05
NN347, 5.433601391e-05
NN154, 0.00027168006955
NN407, 0.00010867202782
VBG177, 5.433601391e-05
VBG176, 5.433601391e-05
VBG175, 0.00010867202782
NN406, 5.433601391e-05
VBG173, 5.433601391e-05
VBG172, 5.433601391e-05
VBG171, 5.433601391e-05
VBG170, 5.433601391e-05
NN344, 0.00010867202782
NNS68, 5.433601391e-05
NN292, 0.00038035209737
VBG179, 5.433601391e-05
NN400, 0.00016300804173
NN194, 0.00010867202782
NN343, 5.433601391e-05
VBZ78, 0.00016300804173
VBZ79, 5.433601391e-05
VBZ76, 5.433601391e-05
VBZ77, 0.00010867202782
VBZ74, 5.433601391e-05
VBZ75, 5.433601391e-05
VBZ72, 5.433601391e-05
VBZ73, 5.433601391e-05
VBZ70, 5.433601391e-05
VBZ71, 5.433601391e-05
NN340, 0.00016300804173
NN352, 0.00010867202782
JJ339, 5.433601391e-05
JJ338, 5.433601391e-05
JJ337, 0.00010867202782
JJ336, 0.00010867202782
JJ335, 5.433601391e-05
JJ334, 5.433601391e-05
JJ333, 5.433601391e-05
JJ332, 5.433601391e-05
JJ331, 0.00021734405564
JJ330, 5.433601391e-05
NN341, 0.00016300804173
NN13, 5.433601391e-05
NN209, 0.00016300804173
NN208, 0.00027168006955
NN12, 5.433601391e-05
NN203, 5.433601391e-05
NN202, 5.433601391e-05
NN201, 0.0005433601391
NN200, 5.433601391e-05
NN207, 5.433601391e-05
NN206, 0.00010867202782
NN205, 5.433601391e-05
NN204, 5.433601391e-05
NNS371, 5.433601391e-05
NN1220, 0.00010867202782
NN1223, 5.433601391e-05
NN1222, 5.433601391e-05
NN1225, 5.433601391e-05
NNS374, 5.433601391e-05
NN1227, 5.433601391e-05
NN1226, 5.433601391e-05
NN1229, 5.433601391e-05
NN1228, 5.433601391e-05
VB88, 0.00027168006955
JJ209, 0.00010867202782
JJ208, 5.433601391e-05
NN339, 5.433601391e-05
NN338, 0.00086937622256
NN337, 0.00010867202782
NN336, 5.433601391e-05
NN335, 5.433601391e-05
NN334, 5.433601391e-05
NN333, 0.00038035209737
NN332, 5.433601391e-05
NN331, 5.433601391e-05
NN330, 5.433601391e-05
NN117, 0.00010867202782
NN440, 5.433601391e-05
NN115, 0.00027168006955
NN442, 5.433601391e-05
NN445, 0.00016300804173
NN444, 0.00010867202782
NN111, 0.00021734405564
NN446, 5.433601391e-05
NN449, 5.433601391e-05
NN448, 5.433601391e-05
NNS113, 5.433601391e-05
NNS112, 5.433601391e-05
NNS115, 5.433601391e-05
NNS114, 0.00010867202782
NNS117, 5.433601391e-05
NN118, 0.00092371223647
NNS28, 0.00021734405564
NNS29, 0.00038035209737
NN685, 0.00038035209737
NN684, 5.433601391e-05
NN683, 5.433601391e-05
NN682, 0.00010867202782
NN681, 5.433601391e-05
NN680, 5.433601391e-05
NNS20, 0.00038035209737
NNS21, 0.00249945663986
NNS22, 0.00043468811128
NNS23, 0.00016300804173
NNS24, 5.433601391e-05
NNS25, 0.00010867202782
NN689, 5.433601391e-05
NNS27, 5.433601391e-05
VBG208, 5.433601391e-05
VBN113, 5.433601391e-05
JJ441, 5.433601391e-05
JJ116, 0.00016300804173
JJ115, 5.433601391e-05
JJ442, 5.433601391e-05
JJ113, 5.433601391e-05
JJ112, 5.433601391e-05
JJ447, 5.433601391e-05
JJ446, 0.00010867202782
NN1355, 5.433601391e-05
NN1354, 5.433601391e-05
NN1357, 5.433601391e-05
NN1356, 5.433601391e-05
NN1351, 5.433601391e-05
NN1350, 5.433601391e-05
JJ119, 0.00010867202782
JJ118, 5.433601391e-05
PRP18, 5.433601391e-05
JJ550, 5.433601391e-05
PRP14, 0.00021734405564
PRP15, 5.433601391e-05
PRP16, 5.433601391e-05
PRP17, 5.433601391e-05
PRP10, 0.00255379265377
PRP11, 0.0043468811128
PRP12, 0.00266246468159
PRP13, 0.00032601608346
RB117, 5.433601391e-05
RB116, 5.433601391e-05
RB115, 5.433601391e-05
RB114, 0.00010867202782
RB113, 5.433601391e-05
RB112, 0.00010867202782
RB111, 5.433601391e-05
RB110, 5.433601391e-05
RBR2, 0.00032601608346
RB119, 5.433601391e-05
RBR1, 0.00010867202782
NN593, 0.00010867202782
NN592, 0.00010867202782
NN591, 0.00010867202782
NN590, 5.433601391e-05
NN597, 5.433601391e-05
NN596, 5.433601391e-05
NN595, 5.433601391e-05
NN594, 0.00010867202782
NN599, 5.433601391e-05
NN598, 5.433601391e-05
NN704, 0.00016300804173
NN1179, 5.433601391e-05
NN1178, 5.433601391e-05
NN705, 5.433601391e-05
NN1171, 5.433601391e-05
NN1170, 5.433601391e-05
NN1173, 5.433601391e-05
NN1172, 5.433601391e-05
NN1175, 5.433601391e-05
NN1174, 0.00010867202782
NN1177, 5.433601391e-05
NN1176, 5.433601391e-05
NN675, 0.00010867202782
VBD262, 5.433601391e-05
VBD263, 5.433601391e-05
VBD260, 5.433601391e-05
VBD261, 5.433601391e-05
VBD266, 5.433601391e-05
VBD267, 0.00010867202782
VBD264, 5.433601391e-05
VBD265, 5.433601391e-05
VBD268, 5.433601391e-05
VBD269, 5.433601391e-05
JJ513, 5.433601391e-05
NN708, 5.433601391e-05
NN606, 0.00010867202782
NN709, 5.433601391e-05
JJ31, 0.00010867202782
JJ511, 5.433601391e-05
JJ510, 5.433601391e-05
NN277, 0.0005433601391
JJ517, 5.433601391e-05
NN958, 5.433601391e-05
JJ516, 0.00010867202782
NN922, 5.433601391e-05
NN923, 5.433601391e-05
NN920, 5.433601391e-05
NN921, 0.00010867202782
NN926, 0.00010867202782
NN927, 5.433601391e-05
NN924, 0.00010867202782
NN925, 5.433601391e-05
NN928, 0.00010867202782
NN929, 5.433601391e-05
VBN49, 5.433601391e-05
VBN48, 5.433601391e-05
VBN47, 5.433601391e-05
VBN46, 5.433601391e-05
VBN45, 0.00010867202782
VBN44, 5.433601391e-05
VBN43, 5.433601391e-05
VBN42, 5.433601391e-05
VBN41, 5.433601391e-05
VBN40, 5.433601391e-05
NN1121, 5.433601391e-05
JJ32, 5.433601391e-05
NN106, 5.433601391e-05
VB59, 0.00021734405564
VB58, 5.433601391e-05
NN858, 5.433601391e-05
NN859, 5.433601391e-05
VB53, 5.433601391e-05
VB52, 0.00043468811128
VB51, 5.433601391e-05
NN855, 5.433601391e-05
VB57, 0.00059769615301
VB56, 5.433601391e-05
NN850, 0.00010867202782
VB54, 5.433601391e-05
VBP63, 0.00010867202782
JJ35, 0.00010867202782
NN107, 0.00016300804173
NN1132, 5.433601391e-05
RB88, 0.00010867202782
RB89, 5.433601391e-05
JJ34, 0.00010867202782
RB80, 5.433601391e-05
NN1218, 5.433601391e-05
RB82, 5.433601391e-05
RB83, 5.433601391e-05
RB84, 5.433601391e-05
RB85, 5.433601391e-05
RB86, 5.433601391e-05
NNS349, 5.433601391e-05
VBG102, 0.00010867202782
VBG103, 5.433601391e-05
VBG100, 5.433601391e-05
VBG101, 0.00010867202782
VBG106, 5.433601391e-05
VBG107, 0.00016300804173
VBG104, 0.00010867202782
VBG105, 5.433601391e-05
VBG108, 5.433601391e-05
VBG109, 0.00021734405564
VBG91, 0.00010867202782
VBG90, 0.00010867202782
VBG93, 0.00010867202782
VBG92, 0.00016300804173
VBG95, 0.00010867202782
VBG94, 0.00010867202782
VBG97, 5.433601391e-05
VBG96, 5.433601391e-05
VBG99, 0.00010867202782
VBG98, 5.433601391e-05
NNS96, 5.433601391e-05
NN1216, 5.433601391e-05
NN1217, 5.433601391e-05
JJ218, 5.433601391e-05
JJ219, 0.00010867202782
VBG64, 5.433601391e-05
NNS342, 5.433601391e-05
NN357, 5.433601391e-05
NNS343, 5.433601391e-05
VBD8, 0.0005433601391
VBD9, 0.00010867202782
NN356, 0.00038035209737
VBD1, 0.00081504020865
VBD2, 0.00021734405564
VBD3, 0.00010867202782
VBD4, 0.00277113670941
VBD5, 0.00048902412519
VBD6, 0.00043468811128
VBD7, 0.00027168006955
JJ190, 5.433601391e-05
NN580, 0.00021734405564
VBZ49, 0.00010867202782
VBZ48, 0.00016300804173
VBZ43, 0.00032601608346
VBZ42, 0.00010867202782
VBZ41, 5.433601391e-05
VBZ40, 5.433601391e-05
VBZ47, 0.00027168006955
VBZ46, 0.00010867202782
VBZ45, 5.433601391e-05
VBZ44, 5.433601391e-05
JJ328, 5.433601391e-05
JJ329, 0.00010867202782
NN11, 5.433601391e-05
NN10, 0.00086937622256
NN17, 0.00081504020865
NN16, 0.00021734405564
NN15, 0.0005433601391
NN14, 5.433601391e-05
JJ320, 5.433601391e-05
JJ321, 0.00021734405564
NN19, 0.00016300804173
NN18, 0.00059769615301
JJ324, 5.433601391e-05
JJ325, 0.00016300804173
JJ326, 0.00010867202782
JJ327, 5.433601391e-05
NN350, 5.433601391e-05
NN452, 5.433601391e-05
NNS298, 0.00010867202782
NNS299, 5.433601391e-05
NN453, 5.433601391e-05
NNS292, 0.00010867202782
NNS293, 5.433601391e-05
NNS290, 5.433601391e-05
NNS291, 5.433601391e-05
NNS296, 5.433601391e-05
NN450, 0.00010867202782
NNS294, 5.433601391e-05
NNS295, 0.00010867202782
NN103, 0.00010867202782
NN104, 0.00021734405564
NN105, 0.00021734405564
JJ214, 5.433601391e-05
JJ215, 5.433601391e-05
JJ216, 5.433601391e-05
JJ217, 0.00010867202782
NNS348, 5.433601391e-05
JJ211, 0.00016300804173
JJ212, 0.00010867202782
JJ213, 0.00010867202782
NNS344, 5.433601391e-05
NNS345, 5.433601391e-05
NNS346, 5.433601391e-05
NNS347, 5.433601391e-05
NNS340, 5.433601391e-05
NNS341, 0.00010867202782
NN1212, 5.433601391e-05
NN1213, 5.433601391e-05
NN328, 0.00010867202782
NN329, 0.00021734405564
NN320, 5.433601391e-05
NN321, 5.433601391e-05
NN322, 5.433601391e-05
NN323, 0.00010867202782
NN324, 0.00016300804173
NN325, 5.433601391e-05
NN326, 0.00010867202782
NN327, 0.00027168006955
NN100, 0.00086937622256
NN101, 0.00038035209737
NN102, 5.433601391e-05
NN451, 5.433601391e-05
NN456, 5.433601391e-05
NN457, 5.433601391e-05
NN454, 0.00016300804173
NN455, 0.00010867202782
NN108, 0.00021734405564
NN109, 0.00027168006955
NN458, 0.00010867202782
NN459, 5.433601391e-05
JJ17, 0.00032601608346
NN690, 5.433601391e-05
NN691, 0.00010867202782
NN692, 5.433601391e-05
NN693, 5.433601391e-05
NN694, 0.00016300804173
NN695, 5.433601391e-05
NN696, 0.00010867202782
NN697, 5.433601391e-05
NN698, 5.433601391e-05
NN699, 0.00010867202782
NN581, 5.433601391e-05
JJ133, 0.00027168006955
NN1368, 5.433601391e-05
JJ101, 5.433601391e-05
NN216, 5.433601391e-05
NN217, 5.433601391e-05
NN210, 5.433601391e-05
NN211, 5.433601391e-05
JJ106, 5.433601391e-05
NN213, 5.433601391e-05
NN1360, 0.00010867202782
JJ109, 5.433601391e-05
JJ458, 5.433601391e-05
NN1363, 5.433601391e-05
NN218, 0.00043468811128
NN1365, 5.433601391e-05
NN1366, 5.433601391e-05
NN1367, 0.00010867202782
VBN25, 5.433601391e-05
RB100, 5.433601391e-05
RB101, 0.00016300804173
RB102, 5.433601391e-05
RB103, 5.433601391e-05
RB104, 0.0005433601391
RB105, 0.00010867202782
RB106, 0.00010867202782
RB107, 5.433601391e-05
RB108, 5.433601391e-05
RB109, 5.433601391e-05
JJ33, 0.00010867202782
NN1144, 5.433601391e-05
NN1145, 5.433601391e-05
NN1146, 0.00010867202782
NN1147, 5.433601391e-05
JJ48, 0.00043468811128
JJ49, 0.00010867202782
NN1142, 5.433601391e-05
NN848, 5.433601391e-05
JJ44, 0.00038035209737
JJ45, 0.00010867202782
JJ46, 0.00010867202782
JJ47, 5.433601391e-05
JJ40, 0.00010867202782
JJ41, 0.0005433601391
JJ42, 5.433601391e-05
JJ43, 0.00016300804173
NNS124, 5.433601391e-05
NNS125, 5.433601391e-05
NNS126, 5.433601391e-05
NNS127, 0.00010867202782
NNS120, 5.433601391e-05
NNS121, 0.00010867202782
NNS122, 0.00038035209737
NNS123, 5.433601391e-05
JJ36, 0.00021734405564
NNS128, 5.433601391e-05
NNS129, 5.433601391e-05
NNS191, 5.433601391e-05
NNS190, 0.00016300804173
NNS193, 5.433601391e-05
VBZ15, 0.00032601608346
VBD271, 5.433601391e-05
VBD270, 5.433601391e-05
NNS192, 5.433601391e-05
NN528, 5.433601391e-05
NNS198, 0.00010867202782
NN845, 5.433601391e-05
NN919, 5.433601391e-05
NN918, 5.433601391e-05
NN917, 5.433601391e-05
NN916, 0.00016300804173
NN915, 5.433601391e-05
NN914, 5.433601391e-05
NN913, 5.433601391e-05
NN912, 5.433601391e-05
NN911, 5.433601391e-05
NN910, 5.433601391e-05
VBN58, 5.433601391e-05
JJ100, 0.00021734405564
PRP$5, 0.0010867202782
PRP$4, 0.0027168006955
PRP$3, 0.00304281677896
PRP$2, 0.00070636818083
PRP$1, 0.0150510758531
NN215, 5.433601391e-05
VBN50, 5.433601391e-05
VBN51, 5.433601391e-05
VBN52, 0.00010867202782
VBN53, 0.00010867202782
VBN54, 5.433601391e-05
JJ102, 5.433601391e-05
VBN56, 5.433601391e-05
VBN57, 5.433601391e-05
VBD30, 5.433601391e-05
JJ103, 0.00010867202782
VBD31, 0.00021734405564
JJ104, 5.433601391e-05
VBD32, 5.433601391e-05
JJ105, 0.00032601608346
VBD12, 0.00032601608346
VBD13, 0.0005433601391
VBD10, 0.00010867202782
VBD11, 0.00016300804173
VBD16, 0.00048902412519
VBD17, 5.433601391e-05
VBD14, 5.433601391e-05
VBD15, 0.00021734405564
JJ27, 0.00010867202782
VBD34, 0.00016300804173
VBD18, 5.433601391e-05
JJ107, 0.00010867202782
VBD182, 5.433601391e-05
VBD35, 0.00038035209737
VB66, 0.00016300804173
JJ108, 0.00065203216692
VB64, 0.00010867202782
VB65, 0.00043468811128
VB62, 5.433601391e-05
VB63, 5.433601391e-05
VB60, 5.433601391e-05
VB61, 5.433601391e-05
VBD37, 0.00010867202782
NN1362, 5.433601391e-05
VB68, 0.00021734405564
VB69, 0.00010867202782
NN801, 5.433601391e-05
NN869, 5.433601391e-05
JJ459, 5.433601391e-05
JJ24, 0.00016300804173
NN800, 0.00021734405564
NN863, 0.00016300804173
NN862, 0.00021734405564
NN861, 5.433601391e-05
NN860, 0.00010867202782
NN867, 5.433601391e-05
NN866, 5.433601391e-05
NN865, 5.433601391e-05
NN219, 5.433601391e-05
NN802, 0.00016300804173
NN805, 5.433601391e-05
JJ15, 5.433601391e-05
VB89, 5.433601391e-05
VBP18, 5.433601391e-05
JJ25, 5.433601391e-05
NN807, 0.00016300804173
NN806, 0.00038035209737
VB84, 5.433601391e-05
RB99, 5.433601391e-05
RB98, 5.433601391e-05
VB85, 0.00010867202782
RB93, 5.433601391e-05
RB92, 0.00059769615301
RB91, 5.433601391e-05
RB90, 0.00032601608346
RB97, 5.433601391e-05
RB96, 0.00027168006955
RB95, 5.433601391e-05
RB94, 5.433601391e-05
VBG111, 5.433601391e-05
VBG110, 0.00021734405564
VBG113, 0.00016300804173
VBG112, 5.433601391e-05
VBG115, 5.433601391e-05
VBG114, 0.00021734405564
VBG117, 5.433601391e-05
VBG116, 0.00010867202782
VBG119, 0.00032601608346
VBG118, 0.00021734405564
VB81, 5.433601391e-05
VBG82, 0.00010867202782
VBG83, 5.433601391e-05
VBG80, 0.00010867202782
VBG81, 5.433601391e-05
VBG86, 5.433601391e-05
VBG87, 5.433601391e-05
VBG84, 5.433601391e-05
VBG85, 0.00010867202782
VBG88, 5.433601391e-05
VBG89, 0.00038035209737
NN185, 0.00016300804173
NN1240, 5.433601391e-05
JJ319, 5.433601391e-05
VBD149, 5.433601391e-05
JJ20, 5.433601391e-05
CD4, 0.00016300804173
CD5, 0.00010867202782
CD6, 0.00076070419474
JJ374, 5.433601391e-05
CD7, 0.00032601608346
NNS48, 5.433601391e-05
NN354, 0.00010867202782
VBD148, 5.433601391e-05
JJ21, 0.00016300804173
CD1, 0.00211910454249
VBZ54, 5.433601391e-05
VBZ55, 5.433601391e-05
VBZ56, 0.00016300804173
VBZ57, 0.00010867202782
VBZ50, 0.00010867202782
VBZ51, 0.00010867202782
VBZ52, 5.433601391e-05
VBZ53, 5.433601391e-05
CD3, 5.433601391e-05
VBZ58, 5.433601391e-05
VBZ59, 5.433601391e-05
RBS1, 0.00021734405564
NN28, 0.00103238426429
NN29, 5.433601391e-05
NN26, 0.00016300804173
NN27, 0.00016300804173
NN24, 0.00070636818083
NN25, 5.433601391e-05
NN22, 0.00070636818083
NN23, 0.00016300804173
NN20, 5.433601391e-05
NN21, 0.00016300804173
NNS289, 0.00010867202782
NNS288, 5.433601391e-05
NNS281, 5.433601391e-05
NNS280, 5.433601391e-05
NNS283, 5.433601391e-05
NNS282, 0.00010867202782
NNS285, 5.433601391e-05
NN315, 0.00010867202782
NNS287, 5.433601391e-05
NNS286, 5.433601391e-05
NN588, 5.433601391e-05
NN87, 0.00010867202782
NN589, 0.00016300804173
JJ261, 0.00010867202782
JJ260, 5.433601391e-05
NN1209, 5.433601391e-05
NNS358, 5.433601391e-05
JJ265, 5.433601391e-05
JJ264, 0.00016300804173
JJ267, 5.433601391e-05
JJ266, 0.00016300804173
NN1203, 5.433601391e-05
NN1202, 0.00010867202782
NNS351, 5.433601391e-05
NN1200, 5.433601391e-05
NN1207, 5.433601391e-05
NNS356, 5.433601391e-05
NN1205, 5.433601391e-05
NNS354, 5.433601391e-05
NN584, 5.433601391e-05
NNS64, 0.00021734405564
NN585, 5.433601391e-05
NN586, 5.433601391e-05
NN587, 5.433601391e-05
NN469, 0.00021734405564
NN468, 0.00016300804173
NN467, 0.00010867202782
NN466, 0.00010867202782
NN465, 5.433601391e-05
NN464, 0.00021734405564
NN463, 0.00010867202782
NN462, 0.00010867202782
NN461, 0.00027168006955
NN460, 5.433601391e-05
VBN29, 5.433601391e-05
JJ234, 5.433601391e-05
NN669, 5.433601391e-05
NN582, 0.00010867202782
NN665, 5.433601391e-05
NN664, 0.00021734405564
NN667, 5.433601391e-05
NN583, 5.433601391e-05
NN661, 5.433601391e-05
NN660, 5.433601391e-05
NN663, 0.00016300804173
NN662, 5.433601391e-05
NN1377, 5.433601391e-05
NN1376, 5.433601391e-05
NN1375, 5.433601391e-05
NN1374, 5.433601391e-05
NN1373, 5.433601391e-05
NN1372, 5.433601391e-05
NN1371, 5.433601391e-05
NN1370, 5.433601391e-05
JJ13, 0.00027168006955
NN1379, 5.433601391e-05
NN1378, 5.433601391e-05
NN261, 5.433601391e-05
NN260, 5.433601391e-05
NN263, 5.433601391e-05
NN262, 5.433601391e-05
NN265, 0.00010867202782
NN264, 0.00010867202782
NN267, 0.00010867202782
JJ468, 5.433601391e-05
NN269, 5.433601391e-05
NN268, 5.433601391e-05
JJ465, 5.433601391e-05
JJ464, 5.433601391e-05
JJ463, 5.433601391e-05
JJ462, 5.433601391e-05
JJ461, 5.433601391e-05
JJ460, 5.433601391e-05
JJ302, 0.00032601608346
NN319, 5.433601391e-05
JJ12, 0.00010867202782
JJ303, 5.433601391e-05
VBD141, 5.433601391e-05
JJ300, 5.433601391e-05
JJ485, 5.433601391e-05
JJ484, 5.433601391e-05
JJ487, 5.433601391e-05
JJ301, 5.433601391e-05
JJ481, 5.433601391e-05
JJ480, 5.433601391e-05
JJ483, 5.433601391e-05
JJ482, 5.433601391e-05
JJ306, 5.433601391e-05
JJ489, 5.433601391e-05
JJ488, 5.433601391e-05
JJ307, 5.433601391e-05
NN1153, 5.433601391e-05
NN1152, 0.00021734405564
NN1151, 5.433601391e-05
NN1150, 5.433601391e-05
NN1157, 5.433601391e-05
JJ304, 5.433601391e-05
JJ59, 5.433601391e-05
JJ58, 0.00032601608346
JJ57, 0.00016300804173
JJ56, 0.00059769615301
JJ55, 0.00032601608346
JJ305, 0.00010867202782
JJ53, 0.00010867202782
JJ52, 0.00010867202782
JJ51, 0.00016300804173
JJ50, 5.433601391e-05
NNS133, 5.433601391e-05
NNS132, 5.433601391e-05
NNS131, 0.00010867202782
NNS130, 5.433601391e-05
NNS137, 0.00016300804173
NNS136, 5.433601391e-05
NNS135, 5.433601391e-05
NNS134, 5.433601391e-05
NNS139, 5.433601391e-05
NNS138, 0.00016300804173
VB156, 5.433601391e-05
NN214, 5.433601391e-05
NN1399, 5.433601391e-05
VBD45, 5.433601391e-05
NN717, 5.433601391e-05
NN716, 0.00010867202782
NN711, 5.433601391e-05
NN710, 0.00016300804173
NN713, 5.433601391e-05
VBD44, 0.00010867202782
VBD244, 5.433601391e-05
VBD245, 5.433601391e-05
VBD246, 5.433601391e-05
VBD247, 5.433601391e-05
NN719, 0.00010867202782
VBD47, 0.00010867202782
VBD242, 5.433601391e-05
VBD243, 5.433601391e-05
NN485, 5.433601391e-05
NN484, 5.433601391e-05
NN487, 0.00010867202782
VBD46, 5.433601391e-05
NN481, 5.433601391e-05
NN480, 0.00016300804173
NN483, 0.00016300804173
NN482, 0.00010867202782
VBN2, 5.433601391e-05
NN489, 5.433601391e-05
NN488, 5.433601391e-05
NN1398, 5.433601391e-05
VBD40, 0.00048902412519
NN1241, 5.433601391e-05
VBD42, 0.00010867202782
JJ16, 0.00027168006955
VBP67, 5.433601391e-05
VBP66, 5.433601391e-05
VBP65, 5.433601391e-05
NN908, 5.433601391e-05
NN909, 5.433601391e-05
VB137, 5.433601391e-05
VB136, 5.433601391e-05
VB131, 5.433601391e-05
VB130, 5.433601391e-05
VB133, 5.433601391e-05
VB132, 5.433601391e-05
NN900, 0.00016300804173
NN901, 5.433601391e-05
VBD140, 5.433601391e-05
NN903, 0.00010867202782
NN904, 0.00016300804173
NN905, 5.433601391e-05
NN906, 5.433601391e-05
VBP62, 5.433601391e-05
VBP61, 5.433601391e-05
VBP60, 5.433601391e-05
JJ14, 0.00141273636166
VBN83, 5.433601391e-05
VBN82, 0.00010867202782
VBN81, 5.433601391e-05
VBN80, 5.433601391e-05
VBN87, 0.00010867202782
VBN86, 0.00010867202782
VBN85, 5.433601391e-05
VBN84, 0.00010867202782
VBD27, 0.00070636818083
VBD26, 0.00086937622256
VBN89, 5.433601391e-05
VBN88, 0.00010867202782
VBD23, 0.00016300804173
VBD22, 0.00016300804173
VBD21, 0.0105411866985
VBD20, 5.433601391e-05
NN874, 5.433601391e-05
NN875, 5.433601391e-05
NN876, 5.433601391e-05
VB72, 5.433601391e-05
VB75, 5.433601391e-05
NN871, 0.00010867202782
NN872, 5.433601391e-05
NN873, 5.433601391e-05
VB79, 0.00032601608346
VB78, 0.00021734405564
VBP68, 5.433601391e-05
NN878, 0.00010867202782
NN879, 5.433601391e-05
JJ538, 5.433601391e-05
JJ453, 5.433601391e-05
NN627, 5.433601391e-05
NN1080, 0.00010867202782
IN50, 5.433601391e-05
NN626, 5.433601391e-05
NN236, 5.433601391e-05
NN237, 5.433601391e-05
NN351, 0.00010867202782
NN234, 5.433601391e-05
NN212, 5.433601391e-05
JJ121, 0.00010867202782
RB174, 5.433601391e-05
JJ126, 0.00027168006955
NN233, 0.00010867202782
NN892, 5.433601391e-05
JJ19, 0.00070636818083
NN230, 5.433601391e-05
NN893, 5.433601391e-05
NN231, 5.433601391e-05
NN890, 5.433601391e-05
RB170, 0.00010867202782
NN891, 5.433601391e-05
VBG128, 0.00010867202782
VBG129, 5.433601391e-05
VBG124, 5.433601391e-05
NN896, 0.00016300804173
VBG126, 0.00010867202782
VBG127, 0.00016300804173
VBG120, 5.433601391e-05
VBG121, 0.00010867202782
VBG122, 5.433601391e-05
VBG123, 0.00010867202782
JJ18, 0.00048902412519
NN894, 5.433601391e-05
NNS118, 5.433601391e-05
NN895, 5.433601391e-05
NN1391, 5.433601391e-05
JJR15, 5.433601391e-05
JJR10, 5.433601391e-05
JJR11, 5.433601391e-05
JJR12, 5.433601391e-05
JJR13, 0.00010867202782
VBG55, 5.433601391e-05
VBG54, 5.433601391e-05
VBG57, 0.00010867202782
VBG56, 0.00010867202782
VBG51, 5.433601391e-05
VBG50, 5.433601391e-05
VBG53, 5.433601391e-05
VBG52, 0.00021734405564
VBG59, 0.00059769615301
VBG58, 5.433601391e-05
NN1390, 5.433601391e-05
JJ297, 5.433601391e-05
NN1369, 5.433601391e-05
JJ450, 5.433601391e-05
VBZ21, 5.433601391e-05
NNS362, 0.00016300804173
VBZ23, 5.433601391e-05
VBZ22, 5.433601391e-05
VBZ25, 5.433601391e-05
VBZ24, 5.433601391e-05
VBZ27, 0.00010867202782
VBZ26, 0.00016300804173
VBZ29, 5.433601391e-05
VBZ28, 0.00016300804173
NNS360, 5.433601391e-05
NN1231, 0.00010867202782
NNS366, 5.433601391e-05
NN1392, 5.433601391e-05
NNS367, 5.433601391e-05
NN39, 0.00010867202782
NN38, 0.00027168006955
NNS364, 5.433601391e-05
NNS142, 5.433601391e-05
NN31, 0.00048902412519
NN30, 0.00048902412519
NN33, 5.433601391e-05
NNS365, 5.433601391e-05
NN35, 5.433601391e-05
NN34, 0.00027168006955
NN37, 0.0005433601391
NN36, 0.00032601608346
NN506, 5.433601391e-05
NNS368, 5.433601391e-05
NNS369, 5.433601391e-05
NN987, 5.433601391e-05
JJ293, 0.00010867202782
JJ272, 5.433601391e-05
JJ273, 0.00010867202782
JJ270, 5.433601391e-05
JJ271, 5.433601391e-05
JJ276, 5.433601391e-05
JJ277, 5.433601391e-05
JJ274, 5.433601391e-05
JJ275, 5.433601391e-05
JJ278, 0.00016300804173
JJ279, 5.433601391e-05
NN1397, 5.433601391e-05
VBP64, 5.433601391e-05
NN478, 0.00021734405564
NN479, 5.433601391e-05
NNS382, 5.433601391e-05
NNS383, 5.433601391e-05
NNS384, 5.433601391e-05
JJ238, 5.433601391e-05
NNS386, 5.433601391e-05
NNS387, 5.433601391e-05
NN470, 5.433601391e-05
NNS389, 5.433601391e-05
NN472, 5.433601391e-05
JJ239, 5.433601391e-05
NN474, 5.433601391e-05
NN475, 5.433601391e-05
NN476, 0.00016300804173
NN477, 5.433601391e-05
NN1092, 0.00010867202782
NN1093, 5.433601391e-05
NN1090, 5.433601391e-05
NN1091, 5.433601391e-05
NN1096, 5.433601391e-05
NN1097, 0.00010867202782
NN1094, 5.433601391e-05
NN1095, 5.433601391e-05
NN676, 5.433601391e-05
NN677, 5.433601391e-05
NN1098, 0.00010867202782
NN1099, 0.00010867202782
NN672, 5.433601391e-05
NN673, 0.00016300804173
NN670, 5.433601391e-05
NN671, 0.00021734405564
NN1302, 5.433601391e-05
NN1303, 5.433601391e-05
NN1300, 5.433601391e-05
NN1301, 5.433601391e-05
NN1306, 5.433601391e-05
NN1307, 5.433601391e-05
NN1304, 5.433601391e-05
NN1305, 5.433601391e-05
NNS110, 0.00016300804173
JJ544, 5.433601391e-05
NN1308, 5.433601391e-05
NN1309, 5.433601391e-05
JJ545, 5.433601391e-05
JJ478, 0.00010867202782
JJ479, 5.433601391e-05
NN270, 5.433601391e-05
NN271, 5.433601391e-05
NN276, 5.433601391e-05
JJ230, 0.00010867202782
NN274, 0.00016300804173
NN275, 0.00010867202782
JJ470, 5.433601391e-05
JJ471, 5.433601391e-05
NN278, 0.00027168006955
NN279, 5.433601391e-05
JJ474, 5.433601391e-05
JJ475, 5.433601391e-05
JJ476, 5.433601391e-05
JJ477, 5.433601391e-05
NN434, 0.00032601608346
NN435, 5.433601391e-05
NNS108, 0.00010867202782
JJ496, 5.433601391e-05
JJ497, 5.433601391e-05
JJ494, 0.00010867202782
JJ495, 5.433601391e-05
JJ492, 5.433601391e-05
JJ493, 5.433601391e-05
JJ490, 5.433601391e-05
JJ491, 5.433601391e-05
NN1361, 0.00010867202782
JJ498, 5.433601391e-05
JJ499, 5.433601391e-05
JJ68, 5.433601391e-05
JJ69, 0.00010867202782
JJ62, 5.433601391e-05
JJ63, 5.433601391e-05
JJ60, 0.00048902412519
JJ61, 0.00038035209737
JJ66, 5.433601391e-05
JJ67, 0.00043468811128
JJ64, 0.00027168006955
JJ65, 0.00016300804173
NNS102, 5.433601391e-05
NN1418, 5.433601391e-05
NN1419, 5.433601391e-05
NN1416, 5.433601391e-05
NN1417, 0.00010867202782
NN1414, 5.433601391e-05
NN1415, 5.433601391e-05
NN1412, 5.433601391e-05
NN1413, 5.433601391e-05
NN1410, 5.433601391e-05
NN1411, 5.433601391e-05
NNS101, 5.433601391e-05
PRP$6, 0.00315148880678
NNS106, 0.00016300804173
NN718, 0.00016300804173
NNS107, 0.00021734405564
NN706, 0.00010867202782
NN707, 0.00010867202782
VBD259, 5.433601391e-05
VBD258, 5.433601391e-05
NN702, 5.433601391e-05
NN703, 5.433601391e-05
NN700, 5.433601391e-05
NN701, 0.00010867202782
VBD253, 0.00010867202782
VBD252, 0.00010867202782
VBD251, 5.433601391e-05
VBD250, 5.433601391e-05
VBD257, 5.433601391e-05
VBD256, 5.433601391e-05
VBD255, 5.433601391e-05
VBD254, 5.433601391e-05
NN496, 5.433601391e-05
NN497, 0.00027168006955
NN494, 5.433601391e-05
NN495, 5.433601391e-05
NN492, 5.433601391e-05
NN493, 5.433601391e-05
NN490, 0.00016300804173
NN1196, 5.433601391e-05
JJ11, 5.433601391e-05
NN498, 5.433601391e-05
NN499, 0.00021734405564
NNS99, 0.00010867202782
NNS98, 0.00010867202782
JJ10, 5.433601391e-05
NN1364, 5.433601391e-05
NNS91, 0.00021734405564
NNS90, 5.433601391e-05
NNS93, 0.00010867202782
NNS92, 5.433601391e-05
NNS95, 0.00010867202782
NNS94, 0.00021734405564
NNS97, 5.433601391e-05
NN538, 0.00010867202782
NN285, 5.433601391e-05
NN284, 5.433601391e-05
NNS308, 0.00010867202782
VBN55, 5.433601391e-05
VB126, 5.433601391e-05
VB127, 0.00010867202782
VB124, 5.433601391e-05
VB125, 5.433601391e-05
VB122, 5.433601391e-05
VB123, 0.00010867202782
VB120, 5.433601391e-05
VB121, 5.433601391e-05
NN120, 5.433601391e-05
VB128, 0.00010867202782
VB129, 0.00010867202782
NN121, 0.00010867202782
NNS33, 5.433601391e-05
NNS32, 0.00021734405564
NNS31, 0.00010867202782
MD14, 0.00010867202782
MD15, 5.433601391e-05
NNS30, 5.433601391e-05
MD10, 0.00016300804173
MD11, 0.0005433601391
MD12, 0.00027168006955
MD13, 0.00016300804173
VBD38, 5.433601391e-05
VBD39, 0.00043468811128
VBN98, 5.433601391e-05
VBN99, 5.433601391e-05
VBN94, 5.433601391e-05
VBN95, 5.433601391e-05
VBN96, 5.433601391e-05
VBD33, 0.00086937622256
VBN90, 5.433601391e-05
VBN91, 5.433601391e-05
VBD36, 0.00043468811128
VBN93, 5.433601391e-05
IN45, 0.00016300804173
IN44, 0.00016300804173
IN47, 5.433601391e-05
IN46, 5.433601391e-05
IN41, 0.00038035209737
IN40, 5.433601391e-05
IN43, 5.433601391e-05
IN42, 5.433601391e-05
NN809, 5.433601391e-05
NN808, 5.433601391e-05
VB86, 0.00010867202782
VB87, 0.00010867202782
VB80, 0.00010867202782
IN48, 5.433601391e-05
VB82, 5.433601391e-05
VB83, 5.433601391e-05
VBP69, 5.433601391e-05
xxEnD142xx, 0.093620951967
NNS363, 5.433601391e-05
JJ296, 5.433601391e-05
VBG139, 5.433601391e-05
VBG138, 5.433601391e-05
VBG133, 5.433601391e-05
VBG132, 5.433601391e-05
VBG131, 5.433601391e-05
VBG130, 0.00010867202782
VBG137, 5.433601391e-05
VBG136, 5.433601391e-05
VBG135, 5.433601391e-05
VBG134, 5.433601391e-05
POS2, 0.00124972831993
POS3, 0.00081504020865
POS1, 0.00858509019778
VBD19, 5.433601391e-05
NN1348, 5.433601391e-05
NN1349, 5.433601391e-05
VBG46, 5.433601391e-05
VBG47, 5.433601391e-05
VBG44, 0.00027168006955
VBG45, 5.433601391e-05
VBG42, 5.433601391e-05
VBG43, 0.00032601608346
VBG40, 0.00010867202782
VBG41, 5.433601391e-05
VBG48, 0.00010867202782
VBG49, 0.00021734405564
VBG1, 5.433601391e-05
VBG3, 5.433601391e-05
VBG2, 0.00010867202782
VBG5, 0.00010867202782
VBG4, 5.433601391e-05
VBG7, 0.00010867202782
VB67, 5.433601391e-05
VBG9, 0.00027168006955
JJ438, 5.433601391e-05
NN1343, 5.433601391e-05
NN886, 0.00010867202782
NN752, 5.433601391e-05
VBZ32, 5.433601391e-05
VBZ33, 5.433601391e-05
VBZ30, 5.433601391e-05
VBZ31, 5.433601391e-05
VBZ36, 5.433601391e-05
VBZ37, 0.00010867202782
VBZ34, 5.433601391e-05
VBZ35, 0.00010867202782
VBZ38, 0.00010867202782
VBZ39, 0.00010867202782
NN1406, 5.433601391e-05
JJ454, 0.00027168006955
NN640, 5.433601391e-05
JJ167, 5.433601391e-05
NN471, 0.00021734405564
NN824, 5.433601391e-05
JJ164, 5.433601391e-05
JJ399, 5.433601391e-05
JJ398, 5.433601391e-05
WP4, 0.00038035209737
WP5, 0.00010867202782
JJ393, 5.433601391e-05
JJ392, 5.433601391e-05
JJ395, 5.433601391e-05
WP1, 0.00309715279287
JJ397, 5.433601391e-05
WP3, 0.00032601608346
NN868, 0.00010867202782
JJ165, 5.433601391e-05
NN473, 5.433601391e-05
JJ249, 5.433601391e-05
JJ248, 0.00010867202782
JJ247, 0.00010867202782
JJ246, 5.433601391e-05
JJ245, 0.00016300804173
JJ244, 5.433601391e-05
JJ243, 5.433601391e-05
JJ242, 5.433601391e-05
JJ241, 0.00027168006955
JJ240, 5.433601391e-05
NN1359, 5.433601391e-05
JJ162, 5.433601391e-05
NN1257, 5.433601391e-05
NNS399, 5.433601391e-05
NNS398, 5.433601391e-05
NNS397, 5.433601391e-05
NNS396, 5.433601391e-05
NNS395, 5.433601391e-05
NNS394, 5.433601391e-05
NNS393, 5.433601391e-05
NNS392, 5.433601391e-05
NNS391, 5.433601391e-05
NNS390, 5.433601391e-05
NN399, 5.433601391e-05
NN1358, 5.433601391e-05
NN649, 5.433601391e-05
NN648, 0.00010867202782
NN1085, 5.433601391e-05
NN1084, 5.433601391e-05
NN1087, 5.433601391e-05
NN1086, 5.433601391e-05
NN1089, 5.433601391e-05
NN642, 5.433601391e-05
NN393, 0.00021734405564
NN864, 5.433601391e-05
NN647, 0.00010867202782
NN646, 5.433601391e-05
NN645, 5.433601391e-05
NN396, 5.433601391e-05
NN1311, 5.433601391e-05
NN1310, 5.433601391e-05
NN1313, 5.433601391e-05
NN1312, 5.433601391e-05
NN1315, 5.433601391e-05
NN1314, 5.433601391e-05
RB9, 0.00010867202782
RB8, 0.00124972831993
NN1319, 5.433601391e-05
NN1318, 5.433601391e-05
RB5, 0.00021734405564
RB4, 5.433601391e-05
RB3, 5.433601391e-05
RB2, 0.00010867202782
RB1, 5.433601391e-05
JJ391, 0.00010867202782
JJ160, 0.00010867202782
VBZ9, 0.00010867202782
NN249, 5.433601391e-05
JJ390, 5.433601391e-05
NN247, 5.433601391e-05
NN246, 0.00027168006955
NN245, 5.433601391e-05
NN244, 5.433601391e-05
NN243, 5.433601391e-05
NN242, 0.00336883286242
NN241, 0.00010867202782
NN240, 0.00048902412519
RP1, 0.00266246468159
RP3, 0.00266246468159
RP2, 0.00293414475114
RP4, 0.00086937622256
RB128, 0.00016300804173
JJ394, 5.433601391e-05
JJ75, 0.00016300804173
VBZ2, 0.0065203216692
JJ77, 0.00010867202782
JJ76, 5.433601391e-05
JJ71, 0.00010867202782
WP2, 0.0010867202782
JJ73, 0.00021734405564
VBZ3, 5.433601391e-05
JJ396, 5.433601391e-05
JJ79, 0.0005433601391
JJ78, 0.00021734405564
NNS309, 0.00010867202782
VBN26, 5.433601391e-05
VB135, 0.00016300804173
VBN21, 0.00021734405564
NN1396, 5.433601391e-05
VBN20, 0.00010867202782
VBZ84, 5.433601391e-05
NNS100, 5.433601391e-05
NN1408, 5.433601391e-05
JJR8, 0.00010867202782
JJR9, 5.433601391e-05
JJR6, 5.433601391e-05
JJR7, 5.433601391e-05
JJR4, 5.433601391e-05
JJR5, 5.433601391e-05
NN1401, 5.433601391e-05
JJR3, 5.433601391e-05
NN1403, 5.433601391e-05
JJR1, 0.00038035209737
NN733, 0.00021734405564
NN732, 5.433601391e-05
NN731, 5.433601391e-05
NN730, 5.433601391e-05
NN737, 5.433601391e-05
NN736, 5.433601391e-05
NN735, 5.433601391e-05
NN734, 5.433601391e-05
NN739, 0.00010867202782
NN738, 0.00016300804173
VBG32, 5.433601391e-05
NN187, 0.00010867202782
VBG30, 5.433601391e-05
NNS88, 0.00010867202782
NNS89, 5.433601391e-05
NN540, 0.00016300804173
NNS82, 5.433601391e-05
NNS83, 5.433601391e-05
NNS80, 0.00010867202782
VBZ88, 5.433601391e-05
NNS86, 5.433601391e-05
VBD24, 0.00032601608346
NNS84, 5.433601391e-05
NNS85, 5.433601391e-05
VB113, 5.433601391e-05
VB112, 0.00010867202782
VB111, 0.00010867202782
VB110, 5.433601391e-05
NN541, 0.00010867202782
VB116, 5.433601391e-05
VB115, 5.433601391e-05
VB114, 5.433601391e-05
NNS238, 5.433601391e-05
VB119, 0.00021734405564
VB118, 5.433601391e-05
NNS239, 5.433601391e-05
NNS104, 5.433601391e-05
NN542, 0.00010867202782
CD2, 0.00173875244512
JJ368, 5.433601391e-05
NNS105, 5.433601391e-05
JJ369, 5.433601391e-05
IN30, 5.433601391e-05
IN31, 0.00032601608346
IN32, 0.00010867202782
IN33, 0.00027168006955
IN34, 0.00070636818083
IN35, 0.00016300804173
NN814, 5.433601391e-05
VB98, 0.00010867202782
VB97, 5.433601391e-05
VB96, 5.433601391e-05
VB95, 0.00010867202782
VB94, 5.433601391e-05
VB93, 5.433601391e-05
VB92, 5.433601391e-05
VB91, 5.433601391e-05
NN1353, 5.433601391e-05
JJ168, 0.00016300804173
NN1269, 5.433601391e-05
NN544, 5.433601391e-05
JJ111, 5.433601391e-05
NN1256, 5.433601391e-05
NN1352, 0.00010867202782
RB48, 0.00168441643121
RB49, 0.00021734405564
VBN28, 0.00021734405564
NN1268, 5.433601391e-05
RB44, 0.00016300804173
RB45, 5.433601391e-05
RB46, 5.433601391e-05
RB47, 5.433601391e-05
RB40, 0.00010867202782
RB41, 0.00038035209737
RB42, 0.00016300804173
RB43, 0.00059769615301
JJ341, 5.433601391e-05
JJ72, 0.00010867202782
NN546, 0.00010867202782
NN543, 0.00081504020865
VBN23, 5.433601391e-05
NN547, 5.433601391e-05
VBD177, 5.433601391e-05
VBG73, 0.00016300804173
VBG72, 0.00010867202782
VBG71, 5.433601391e-05
VBG70, 5.433601391e-05
VBG77, 0.00010867202782
VBG76, 5.433601391e-05
VBG75, 0.00016300804173
VBG74, 0.00010867202782
NN566, 0.00043468811128
VBG79, 0.00010867202782
VBG78, 0.00038035209737
NN567, 5.433601391e-05
NN1265, 0.00016300804173
JJ418, 5.433601391e-05
NNS304, 5.433601391e-05
JJ416, 5.433601391e-05
JJ417, 5.433601391e-05
NN568, 0.00032601608346
NN1264, 5.433601391e-05
NN569, 0.00010867202782
NNS305, 0.00010867202782
VBD175, 5.433601391e-05
JJ413, 5.433601391e-05
JJ410, 5.433601391e-05
JJ411, 0.00010867202782
NN1267, 0.00016300804173
NN132, 5.433601391e-05
NN1081, 5.433601391e-05
NN398, 5.433601391e-05
NN1083, 0.00010867202782
NN1082, 5.433601391e-05
VBP47, 0.00016300804173
NN1266, 5.433601391e-05
NN135, 0.00016300804173
JJ388, 0.00010867202782
VBP59, 5.433601391e-05
NNS307, 5.433601391e-05
JJ382, 5.433601391e-05
JJ383, 5.433601391e-05
JJ380, 0.00016300804173
JJ381, 5.433601391e-05
JJ386, 5.433601391e-05
JJ387, 5.433601391e-05
JJ384, 5.433601391e-05
JJ385, 5.433601391e-05
NN391, 0.00086937622256
NN1088, 0.00010867202782
NN641, 5.433601391e-05
JJ258, 0.00016300804173
JJ259, 0.00010867202782
NN392, 0.00021734405564
JJ250, 5.433601391e-05
NN395, 0.00032601608346
JJ252, 5.433601391e-05
JJ253, 5.433601391e-05
JJ254, 5.433601391e-05
JJ255, 0.00032601608346
JJ256, 5.433601391e-05
NN394, 5.433601391e-05
NN397, 5.433601391e-05
NN644, 5.433601391e-05
NN654, 5.433601391e-05
NN655, 0.00010867202782
NN656, 5.433601391e-05
NN657, 0.00010867202782
NN650, 0.00010867202782
NN651, 5.433601391e-05
NN652, 5.433601391e-05
NN653, 0.00016300804173
NNS410, 5.433601391e-05
NNS411, 5.433601391e-05
NNS412, 5.433601391e-05
NNS413, 5.433601391e-05
NNS414, 5.433601391e-05
NNS415, 5.433601391e-05
NNS416, 5.433601391e-05
VBN116, 5.433601391e-05
VBN117, 5.433601391e-05
VBN114, 0.00010867202782
VBN115, 5.433601391e-05
VBN112, 5.433601391e-05
NN1263, 5.433601391e-05
VBN110, 5.433601391e-05
VBN111, 5.433601391e-05
NN382, 0.0005433601391
NN383, 0.00021734405564
NN380, 0.00021734405564
NN381, 5.433601391e-05
NN386, 5.433601391e-05
NN387, 5.433601391e-05
VBN118, 5.433601391e-05
VBN119, 5.433601391e-05
NN803, 0.00010867202782
NN1328, 5.433601391e-05
NN1329, 5.433601391e-05
JJ419, 0.00010867202782
NN1324, 5.433601391e-05
NN1325, 5.433601391e-05
NN1326, 5.433601391e-05
NN1327, 5.433601391e-05
NN1320, 5.433601391e-05
NN1321, 5.433601391e-05
NN1322, 5.433601391e-05
NN1323, 5.433601391e-05
NN258, 5.433601391e-05
RB7, 0.00027168006955
JJ130, 5.433601391e-05
DT5, 0.00027168006955
NNS258, 0.00016300804173
RB6, 0.00059769615301
NN250, 5.433601391e-05
NN251, 0.00016300804173
NN252, 0.00010867202782
NNS255, 0.00010867202782
NNS252, 5.433601391e-05
NNS253, 5.433601391e-05
NNS250, 5.433601391e-05
NNS251, 0.00016300804173
IN49, 5.433601391e-05
VB161, 5.433601391e-05
NN545, 5.433601391e-05
NN1188, 5.433601391e-05
NN1258, 5.433601391e-05
JJ563, 5.433601391e-05
NN1180, 5.433601391e-05
NN1181, 5.433601391e-05
NN1182, 5.433601391e-05
JJ8, 5.433601391e-05
NN1184, 5.433601391e-05
JJ560, 5.433601391e-05
NN1186, 5.433601391e-05
NN1187, 5.433601391e-05
NN1438, 5.433601391e-05
NN1439, 5.433601391e-05
JJ561, 5.433601391e-05
NN1430, 5.433601391e-05
NN1431, 5.433601391e-05
NN1432, 5.433601391e-05
NN1433, 5.433601391e-05
NN1434, 5.433601391e-05
NN1435, 5.433601391e-05
NN1436, 5.433601391e-05
NN1437, 0.00010867202782
NNS176, 5.433601391e-05
JJ564, 5.433601391e-05
NN248, 0.00032601608346
JJ2, 0.00027168006955
NN1250, 5.433601391e-05
NN728, 0.00016300804173
NN729, 0.00016300804173
NNS301, 5.433601391e-05
NN724, 5.433601391e-05
NN725, 0.00016300804173
NN726, 5.433601391e-05
NN727, 5.433601391e-05
NN720, 5.433601391e-05
NN1252, 5.433601391e-05
NN722, 5.433601391e-05
NN723, 5.433601391e-05
NN1253, 5.433601391e-05
CC8, 5.433601391e-05
CC5, 0.00010867202782
NN1254, 5.433601391e-05
CC7, 0.00010867202782
CC6, 5.433601391e-05
CC1, 0.0220060856336
CC3, 0.00114105629211
NN1255, 5.433601391e-05
NN1056, 5.433601391e-05
NN1057, 5.433601391e-05
NN1054, 5.433601391e-05
NN1055, 0.00021734405564
FW8, 0.00010867202782
FW9, 5.433601391e-05
NN1050, 5.433601391e-05
NN1051, 5.433601391e-05
FW4, 5.433601391e-05
FW5, 5.433601391e-05
FW6, 5.433601391e-05
FW7, 5.433601391e-05
FW1, 5.433601391e-05
NN1058, 0.00010867202782
NN1059, 0.00010867202782
IN16, 0.00135840034775
VB108, 5.433601391e-05
VB109, 5.433601391e-05
IN17, 0.00027168006955
VB104, 0.00010867202782
VB105, 0.00010867202782
VB106, 0.00010867202782
VB107, 5.433601391e-05
VB100, 0.00021734405564
VB101, 5.433601391e-05
VB102, 5.433601391e-05
VB103, 0.00010867202782
IN15, 0.00293414475114
NN557, 5.433601391e-05
NN788, 5.433601391e-05
NNS339, 5.433601391e-05
NN789, 5.433601391e-05
IN13, 0.0010867202782
NN786, 5.433601391e-05
IN10, 0.00076070419474
NN787, 5.433601391e-05
IN11, 0.00429254509889
VBN72, 0.00010867202782
NN556, 0.00010867202782
VBN73, 0.00010867202782
VBN70, 0.00010867202782
IN23, 0.00038035209737
IN22, 0.00027168006955
IN21, 0.00081504020865
IN20, 0.00032601608346
IN27, 0.00016300804173
IN26, 0.00032601608346
NN829, 5.433601391e-05
IN24, 0.0005433601391
NN827, 0.00010867202782
NN826, 5.433601391e-05
NN825, 5.433601391e-05
IN28, 0.0005433601391
NN823, 5.433601391e-05
NN822, 0.00016300804173
NN821, 5.433601391e-05
NN820, 0.00195609650076
NN555, 5.433601391e-05
VBN74, 0.00010867202782
JJ74, 0.00016300804173
VBN75, 5.433601391e-05
NN148, 5.433601391e-05
VBN78, 5.433601391e-05
NN554, 5.433601391e-05
JJ70, 5.433601391e-05
VBN79, 5.433601391e-05
NNS17, 0.00010867202782
RB59, 0.00021734405564
RB58, 0.00010867202782
RB57, 0.00027168006955
RB56, 5.433601391e-05
RB55, 5.433601391e-05
NNS16, 0.00021734405564
RB53, 5.433601391e-05
RB52, 0.00032601608346
RB51, 0.00065203216692
RB50, 0.00059769615301
NNS19, 0.00010867202782
NNS18, 5.433601391e-05
NN149, 5.433601391e-05
NN553, 0.00016300804173
NN146, 5.433601391e-05
NN415, 0.00010867202782
NN140, 0.00010867202782
NN413, 0.00010867202782
NN163, 0.00032601608346
NN410, 5.433601391e-05
NN552, 0.00010867202782
NN411, 5.433601391e-05
NNS338, 5.433601391e-05
NN897, 5.433601391e-05
NN1037, 5.433601391e-05
VBG68, 0.00010867202782
VBG69, 5.433601391e-05
NN551, 0.00010867202782
VBG65, 5.433601391e-05
VBG66, 5.433601391e-05
VBG67, 5.433601391e-05
VBG60, 0.00010867202782
VBG61, 5.433601391e-05
VBG62, 5.433601391e-05
VBG63, 0.00010867202782
VBP16, 0.00065203216692
NN1279, 0.00010867202782
VBP14, 0.00038035209737
VBP15, 5.433601391e-05
NN144, 0.00010867202782
VBP13, 5.433601391e-05
VBP10, 5.433601391e-05
VBP11, 5.433601391e-05
RB118, 5.433601391e-05
VBP19, 0.00021734405564
VBZ18, 5.433601391e-05
VBZ19, 5.433601391e-05
VBZ10, 0.00021734405564
VBZ11, 5.433601391e-05
VBZ12, 5.433601391e-05
VBZ13, 0.00027168006955
VBZ14, 5.433601391e-05
FW3, 0.00010867202782
VBZ16, 5.433601391e-05
VBZ17, 0.00032601608346
NN390, 5.433601391e-05
NN145, 5.433601391e-05
NN804, 5.433601391e-05
JJ235, 5.433601391e-05
NN1409, 5.433601391e-05
NN88, 5.433601391e-05
NN89, 0.00070636818083
NN80, 0.00027168006955
NN81, 0.00027168006955
NN82, 0.00119539230602
NN83, 0.00010867202782
NN84, 0.00010867202782
NN85, 0.00092371223647
NN86, 5.433601391e-05
VBD79, 5.433601391e-05
NN1405, 0.00010867202782
RB67, 0.00010867202782
NN1404, 5.433601391e-05
NN1407, 5.433601391e-05
NN1214, 5.433601391e-05
JJR2, 0.00119539230602
NN1400, 5.433601391e-05
NNS297, 5.433601391e-05
MD9, 0.00027168006955
NN1402, 5.433601391e-05
JJ283, 0.00016300804173
JJ282, 5.433601391e-05
JJ281, 0.00010867202782
JJ280, 5.433601391e-05
JJ287, 0.00016300804173
JJ286, 5.433601391e-05
JJ285, 0.00021734405564
JJ284, 5.433601391e-05
NN629, 5.433601391e-05
NN628, 5.433601391e-05
JJ289, 5.433601391e-05
JJ288, 0.00010867202782
JJ531, 5.433601391e-05
JJ530, 5.433601391e-05
JJ533, 5.433601391e-05
JJ532, 0.00016300804173
VBN105, 5.433601391e-05
VBN104, 0.00016300804173
VBN107, 5.433601391e-05
VBN106, 0.00010867202782
VBN101, 5.433601391e-05
VBN100, 5.433601391e-05
VBN103, 5.433601391e-05
VBN102, 5.433601391e-05
VBN109, 5.433601391e-05
VBN108, 5.433601391e-05
NN1339, 5.433601391e-05
NN1338, 5.433601391e-05
NN1333, 5.433601391e-05
NN1332, 5.433601391e-05
NN1331, 5.433601391e-05
NN1330, 5.433601391e-05
NN1337, 5.433601391e-05
NN1336, 5.433601391e-05
NN1335, 5.433601391e-05
NN1334, 5.433601391e-05
NNS249, 5.433601391e-05
NNS248, 5.433601391e-05
NNS245, 5.433601391e-05
NNS244, 5.433601391e-05
NNS247, 5.433601391e-05
NNS246, 5.433601391e-05
NNS241, 5.433601391e-05
NNS240, 5.433601391e-05
NNS243, 5.433601391e-05
NNS242, 0.00027168006955
NN888, 0.00010867202782
NN6, 0.00021734405564
NN1197, 5.433601391e-05
NN282, 0.00032601608346
NN281, 5.433601391e-05
NN280, 5.433601391e-05
NN539, 5.433601391e-05
NN1192, 5.433601391e-05
NN1191, 5.433601391e-05
NN1190, 5.433601391e-05
NN535, 0.00010867202782
NN534, 5.433601391e-05
NN537, 5.433601391e-05
NN536, 5.433601391e-05
NN531, 5.433601391e-05
NN530, 0.00010867202782
NN1199, 5.433601391e-05
NN1198, 0.00010867202782
NN1427, 5.433601391e-05
NN1426, 5.433601391e-05
NN1425, 5.433601391e-05
NN1424, 5.433601391e-05
NN1423, 5.433601391e-05
NN1422, 5.433601391e-05
NN1421, 5.433601391e-05
NN1420, 5.433601391e-05
NN1429, 5.433601391e-05
NN1428, 5.433601391e-05
NNS407, 5.433601391e-05
NNS406, 5.433601391e-05
NNS405, 5.433601391e-05
NNS404, 5.433601391e-05
NNS403, 5.433601391e-05
NNS402, 5.433601391e-05
NNS401, 5.433601391e-05
NNS400, 5.433601391e-05
NN847, 5.433601391e-05
NNS409, 5.433601391e-05
NNS408, 0.00016300804173
NN846, 5.433601391e-05
NN841, 5.433601391e-05
NN840, 0.00010867202782
NN759, 0.00010867202782
NN758, 5.433601391e-05
NN843, 5.433601391e-05
NN751, 5.433601391e-05
NN750, 5.433601391e-05
NN753, 5.433601391e-05
NN842, 5.433601391e-05
NN755, 5.433601391e-05
NN754, 5.433601391e-05
NN757, 0.00016300804173
NN756, 5.433601391e-05
VBG178, 5.433601391e-05
JJ423, 5.433601391e-05
NN491, 5.433601391e-05
NN1045, 5.433601391e-05
NN1044, 5.433601391e-05
NN1047, 0.00016300804173
NN1046, 5.433601391e-05
NN1041, 5.433601391e-05
NN1040, 5.433601391e-05
NN1043, 5.433601391e-05
NN1042, 5.433601391e-05
NN1049, 0.00010867202782
NN1048, 5.433601391e-05
JJ422, 5.433601391e-05
NN345, 0.00010867202782
VBD170, 5.433601391e-05
NN342, 0.00010867202782
VBD171, 5.433601391e-05
NNS284, 5.433601391e-05
VBD198, 5.433601391e-05
VBD199, 5.433601391e-05
NN1075, 0.00010867202782
VBD194, 5.433601391e-05
VBD195, 5.433601391e-05
VBD196, 5.433601391e-05
VBD197, 5.433601391e-05
VBD190, 5.433601391e-05
VBD191, 5.433601391e-05
VBD192, 5.433601391e-05
VBD193, 5.433601391e-05
JJ421, 5.433601391e-05
DT9, 0.00076070419474
DT8, 0.00038035209737
DT3, 0.0016300804173
DT2, 0.0201586611606
DT1, 0.045261899587
DT7, 0.00076070419474
DT6, 0.0032601608346
JJ420, 0.00010867202782
DT4, 0.00152140838948
NN297, 0.00016300804173
NN1158, 5.433601391e-05
JJ443, 5.433601391e-05
NN838, 0.00016300804173
NN839, 5.433601391e-05
VBG189, 5.433601391e-05
IN18, 0.00097804825038
IN19, 0.00043468811128
NN830, 5.433601391e-05
NN831, 5.433601391e-05
NN832, 5.433601391e-05
NN833, 5.433601391e-05
JJ427, 5.433601391e-05
NN835, 5.433601391e-05
NN836, 5.433601391e-05
NN837, 5.433601391e-05
NN1100, 5.433601391e-05
NN1101, 0.00010867202782
JJ26, 0.00032601608346
NN151, 0.00016300804173
FW10, 5.433601391e-05
JJ426, 0.00016300804173
NN291, 5.433601391e-05
NN1114, 0.00010867202782
RB68, 0.00032601608346
RB69, 0.00010867202782
JJ518, 5.433601391e-05
NNS213, 5.433601391e-05
RB62, 0.00021734405564
RB63, 0.00021734405564
RB60, 0.00016300804173
RB61, 5.433601391e-05
RB66, 0.00038035209737
JJ263, 5.433601391e-05
RB64, 0.00065203216692
RB65, 0.00021734405564
VBN59, 5.433601391e-05
MD8, 0.00027168006955
NN1208, 5.433601391e-05
NN883, 5.433601391e-05
NN1109, 0.00010867202782
JJ425, 0.00010867202782
MD3, 0.00152140838948
NN441, 5.433601391e-05
MD1, 0.00195609650076
MD6, 0.00032601608346
MD7, 0.00076070419474
MD4, 0.00038035209737
MD5, 0.0005433601391
NNS81, 5.433601391e-05
NN157, 0.00010867202782
NNS215, 5.433601391e-05
NNS87, 5.433601391e-05
VBD176, 5.433601391e-05
JJ269, 5.433601391e-05
VBD174, 0.00010867202782
NN882, 5.433601391e-05
VBD172, 5.433601391e-05
VBD173, 5.433601391e-05
JJ424, 5.433601391e-05
JJ268, 0.00010867202782
NN293, 5.433601391e-05
NN1201, 5.433601391e-05
VBD178, 5.433601391e-05
VBD179, 5.433601391e-05
VBG188, 0.00010867202782
NNS350, 5.433601391e-05
VBG182, 5.433601391e-05
VBG183, 0.00010867202782
VBG180, 5.433601391e-05
VBG181, 0.00010867202782
VBG186, 5.433601391e-05
VBG187, 5.433601391e-05
VBG184, 5.433601391e-05
NN1206, 5.433601391e-05
VBG19, 0.00010867202782
VBG18, 0.00010867202782
NNS355, 5.433601391e-05
NN443, 5.433601391e-05
VBG11, 0.00065203216692
VBG10, 5.433601391e-05
VBG13, 0.00010867202782
NN1204, 5.433601391e-05
VBG15, 5.433601391e-05
VBG14, 5.433601391e-05
VBG17, 5.433601391e-05
VBG16, 5.433601391e-05
VBD89, 5.433601391e-05
VBD88, 0.0005433601391
VBG12, 5.433601391e-05
VBD81, 0.00010867202782
VBD80, 5.433601391e-05
VBD83, 5.433601391e-05
VBD82, 0.00021734405564
VBD85, 0.00016300804173
VBD84, 5.433601391e-05
VBD87, 5.433601391e-05
VBG6, 0.00010867202782
VBP23, 0.00010867202782
VBP22, 5.433601391e-05
VBP21, 0.00021734405564
VBP20, 5.433601391e-05
VBP27, 0.00065203216692
VBP26, 5.433601391e-05
VBP25, 0.00010867202782
VBP24, 0.00027168006955
VBP29, 5.433601391e-05
VBP28, 5.433601391e-05
VBG174, 0.00016300804173
JJ472, 5.433601391e-05
JJ548, 0.00010867202782
NNS325, 5.433601391e-05
VBG8, 0.00010867202782
VBG218, 5.433601391e-05
VBG219, 5.433601391e-05
VBG212, 5.433601391e-05
VB117, 0.00027168006955
VBG210, 0.00010867202782
VBG211, 5.433601391e-05
VBG216, 5.433601391e-05
VBG217, 5.433601391e-05
VBG214, 5.433601391e-05
VBG215, 5.433601391e-05
JJ166, 0.00032601608346
NN99, 5.433601391e-05
NN98, 0.00010867202782
JJ549, 0.00010867202782
NN505, 5.433601391e-05
RB54, 0.00021734405564
NN92, 5.433601391e-05
NN91, 5.433601391e-05
NN90, 0.00010867202782
NN97, 5.433601391e-05
NN96, 0.00016300804173
NN95, 5.433601391e-05
NN94, 0.00097804825038
NNS380, 5.433601391e-05
NN507, 5.433601391e-05
NNS359, 5.433601391e-05
VBD86, 0.00021734405564
JJ163, 0.00010867202782
NNS323, 5.433601391e-05
NN283, 5.433601391e-05
NN503, 0.00010867202782
NNS381, 5.433601391e-05
JJ445, 5.433601391e-05
NN1210, 0.00010867202782
NN632, 5.433601391e-05
NN633, 5.433601391e-05
NN630, 5.433601391e-05
NN631, 5.433601391e-05
NN636, 5.433601391e-05
NN637, 0.00010867202782
NN634, 0.00043468811128
NN635, 5.433601391e-05
JJ294, 5.433601391e-05
JJ295, 0.00038035209737
JJ524, 5.433601391e-05
JJ525, 5.433601391e-05
JJ522, 5.433601391e-05
JJ291, 5.433601391e-05
JJ292, 5.433601391e-05
NN509, 5.433601391e-05
VBN130, 0.00016300804173
VBN131, 5.433601391e-05
VBN132, 5.433601391e-05
VBN133, 5.433601391e-05
VBN134, 5.433601391e-05
VBN135, 5.433601391e-05
VBN136, 5.433601391e-05
VBN137, 5.433601391e-05
VBN138, 5.433601391e-05
NN615, 5.433601391e-05
JJ169, 5.433601391e-05
RB129, 0.00010867202782
JJ200, 0.00016300804173
NNS278, 5.433601391e-05
NNS279, 5.433601391e-05
NNS270, 5.433601391e-05
NNS271, 5.433601391e-05
NNS272, 0.00027168006955
NNS273, 0.00021734405564
NNS274, 5.433601391e-05
NNS275, 5.433601391e-05
NNS276, 5.433601391e-05
NNS277, 0.00021734405564
JJ515, 5.433601391e-05
NN298, 5.433601391e-05
NN299, 0.00010867202782
NN259, 5.433601391e-05
JJ29, 5.433601391e-05
NN526, 5.433601391e-05
NN527, 5.433601391e-05
NN524, 5.433601391e-05
NN525, 5.433601391e-05
NN522, 0.00010867202782
NN523, 5.433601391e-05
NN520, 0.00021734405564
NN521, 5.433601391e-05
NN287, 0.00010867202782
NNS183, 5.433601391e-05
NNS180, 5.433601391e-05
NN666, 5.433601391e-05
NNS186, 0.00016300804173
NNS187, 0.00010867202782
NNS385, 5.433601391e-05
NN1140, 5.433601391e-05
NNS188, 0.00010867202782
NNS189, 5.433601391e-05
JJ514, 0.00010867202782
NN1294, 5.433601391e-05
NN1295, 5.433601391e-05
NN1296, 5.433601391e-05
NN1297, 5.433601391e-05
NN1290, 5.433601391e-05
NN1291, 5.433601391e-05
NN1292, 5.433601391e-05
NN1293, 5.433601391e-05
NN1298, 5.433601391e-05
NN1299, 5.433601391e-05
NN286, 5.433601391e-05
NN1141, 5.433601391e-05
NN1211, 5.433601391e-05
NN748, 0.00010867202782
NN749, 5.433601391e-05
JJ540, 5.433601391e-05
NN742, 5.433601391e-05
NN743, 5.433601391e-05
NN740, 5.433601391e-05
NN741, 5.433601391e-05
NN746, 5.433601391e-05
NN747, 5.433601391e-05
NN744, 5.433601391e-05
NN745, 5.433601391e-05
NNS257, 5.433601391e-05
NNS59, 0.00065203216692
NNS58, 5.433601391e-05
NNS55, 5.433601391e-05
NNS54, 5.433601391e-05
NNS57, 5.433601391e-05
NNS56, 5.433601391e-05
NNS51, 5.433601391e-05
NNS50, 5.433601391e-05
NNS53, 5.433601391e-05
NNS52, 0.00076070419474
NN1070, 5.433601391e-05
NN1071, 5.433601391e-05
NN1072, 5.433601391e-05
NN1073, 5.433601391e-05
NN1074, 5.433601391e-05
JJ541, 5.433601391e-05
NN1076, 5.433601391e-05
NN1077, 5.433601391e-05
NN1078, 0.00016300804173
NN532, 5.433601391e-05
JJ566, 5.433601391e-05
NNS388, 5.433601391e-05
NN1143, 5.433601391e-05
NN1111, 5.433601391e-05
VBD189, 5.433601391e-05
VBD188, 5.433601391e-05
NN834, 0.00010867202782
VB162, 0.00010867202782
VB163, 5.433601391e-05
VB160, 5.433601391e-05
VBD180, 5.433601391e-05
VBD187, 5.433601391e-05
VBD186, 5.433601391e-05
VB164, 5.433601391e-05
VBD184, 5.433601391e-05
JJ188, 5.433601391e-05
VBN97, 0.00016300804173
JJ543, 5.433601391e-05
NN1278, 5.433601391e-05
NN266, 0.00010867202782
JJ414, 5.433601391e-05
JJ467, 5.433601391e-05
NN289, 0.00010867202782
NNS327, 5.433601391e-05
NN1274, 5.433601391e-05
NN812, 0.00016300804173
NN1275, 5.433601391e-05
NN813, 0.00010867202782
NN1272, 5.433601391e-05
JJ415, 5.433601391e-05
NN810, 0.00010867202782
NN1273, 5.433601391e-05
NN288, 5.433601391e-05
NN811, 0.00010867202782
NNS320, 5.433601391e-05
NN816, 5.433601391e-05
NNS321, 5.433601391e-05
NN353, 5.433601391e-05
NN817, 5.433601391e-05
NN714, 5.433601391e-05
NNS259, 0.00010867202782
TO1, 0.0142360356444
VB99, 0.00010867202782
NN761, 5.433601391e-05
JJ412, 5.433601391e-05
IN37, 5.433601391e-05
NNS144, 0.00010867202782
IN38, 0.00010867202782
NNS145, 0.00016300804173
NN1148, 5.433601391e-05
JJ161, 0.00048902412519
NN189, 0.00027168006955
NN818, 5.433601391e-05
NNS143, 5.433601391e-05
NN997, 5.433601391e-05
NN996, 5.433601391e-05
NN995, 5.433601391e-05
NN994, 0.00016300804173
NN993, 5.433601391e-05
NN992, 5.433601391e-05
NN991, 5.433601391e-05
NN990, 0.00010867202782
JJ547, 5.433601391e-05
NNS141, 5.433601391e-05
NN999, 5.433601391e-05
NN998, 5.433601391e-05
VBD165, 0.00010867202782
VBD164, 5.433601391e-05
VBD167, 5.433601391e-05
VBD166, 5.433601391e-05
VBD161, 5.433601391e-05
NN1149, 5.433601391e-05
VBD163, 0.00016300804173
VBD162, 0.00010867202782
VB90, 5.433601391e-05
VBD169, 5.433601391e-05
VBD168, 5.433601391e-05
VBG199, 5.433601391e-05
VBG198, 5.433601391e-05
NN621, 5.433601391e-05
VBG191, 5.433601391e-05
VBG190, 5.433601391e-05
VBG193, 5.433601391e-05
VBG192, 0.00016300804173
VBG195, 5.433601391e-05
VBG194, 0.00010867202782
VBG197, 5.433601391e-05
VBG196, 5.433601391e-05
JJ469, 5.433601391e-05
VBG213, 5.433601391e-05
NN162, 5.433601391e-05
VBD98, 0.00021734405564
VBD99, 5.433601391e-05
NN620, 5.433601391e-05
VBD92, 0.00016300804173
VBD93, 5.433601391e-05
VBD90, 5.433601391e-05
VBD91, 5.433601391e-05
VBD96, 0.00032601608346
VBD97, 0.00027168006955
VBD94, 0.00016300804173
VBD95, 0.00010867202782
RB75, 5.433601391e-05
RB74, 0.00010867202782
RB77, 5.433601391e-05
JJ486, 0.00010867202782
VBP38, 5.433601391e-05
VBP39, 0.00027168006955
RB73, 0.00010867202782
RB72, 5.433601391e-05
VBP34, 0.00016300804173
VBP35, 5.433601391e-05
VBP36, 5.433601391e-05
VBP37, 0.00010867202782
VBP30, 5.433601391e-05
VBP31, 5.433601391e-05
VBP32, 5.433601391e-05
VBP33, 0.00010867202782
NN623, 5.433601391e-05
DT14, 0.00010867202782
NN957, 0.00010867202782
NN956, 5.433601391e-05
NNS256, 0.00016300804173
NN954, 5.433601391e-05
NN622, 5.433601391e-05
NN437, 0.00010867202782
JJ466, 5.433601391e-05
VBG209, 5.433601391e-05
NN93, 5.433601391e-05
VBG201, 5.433601391e-05
NN253, 5.433601391e-05
VBG203, 5.433601391e-05
VBG202, 5.433601391e-05
VBG205, 0.00010867202782
VBG204, 5.433601391e-05
NN625, 5.433601391e-05
VBG206, 5.433601391e-05
DT12, 0.00179308845903
NNS78, 0.00076070419474
JJ189, 5.433601391e-05
NN624, 5.433601391e-05
NN1156, 0.00016300804173
NN857, 5.433601391e-05
DT11, 0.00021734405564
NN1155, 5.433601391e-05
NN1154, 5.433601391e-05
EX1, 0.00027168006955
NN1159, 5.433601391e-05
DT10, 0.00032601608346
JJ519, 5.433601391e-05
JJ54, 5.433601391e-05
NN359, 5.433601391e-05
NN358, 5.433601391e-05
NN609, 0.00032601608346
NN608, 5.433601391e-05
NN607, 5.433601391e-05
JJ512, 5.433601391e-05
NN605, 0.00043468811128
NN604, 5.433601391e-05
NN603, 0.00032601608346
NN602, 5.433601391e-05
NN601, 5.433601391e-05
NN600, 0.00010867202782
VBN129, 5.433601391e-05
VBN128, 0.00010867202782
VBN127, 5.433601391e-05
VBN126, 5.433601391e-05
VBN125, 5.433601391e-05
VBN124, 5.433601391e-05
VBN123, 5.433601391e-05
VBN122, 5.433601391e-05
VBN121, 5.433601391e-05
VBN120, 5.433601391e-05
NNS267, 5.433601391e-05
NNS266, 5.433601391e-05
NNS265, 5.433601391e-05
NNS264, 5.433601391e-05
NNS263, 5.433601391e-05
NNS262, 5.433601391e-05
NNS261, 5.433601391e-05
NNS260, 5.433601391e-05
JJ197, 5.433601391e-05
JJ196, 0.00016300804173
JJ195, 0.00010867202782
JJ194, 0.00016300804173
JJ193, 0.00010867202782
JJ192, 0.00027168006955
NNS269, 5.433601391e-05
NNS268, 5.433601391e-05
JJ359, 5.433601391e-05
JJ358, 5.433601391e-05
JJ355, 5.433601391e-05
JJ354, 0.00010867202782
JJ357, 5.433601391e-05
JJ356, 0.00027168006955
JJ351, 5.433601391e-05
JJ350, 5.433601391e-05
JJ353, 5.433601391e-05
JJ352, 0.00010867202782
JJ175, 0.00027168006955
JJ174, 5.433601391e-05
JJ177, 5.433601391e-05
JJ176, 0.00032601608346
JJ171, 5.433601391e-05
JJ170, 5.433601391e-05
JJ173, 0.00016300804173
JJ172, 0.00010867202782
JJ179, 5.433601391e-05
JJ178, 0.00016300804173
JJ39, 0.00010867202782
JJ38, 5.433601391e-05
NN519, 0.00010867202782
NN518, 5.433601391e-05
NN513, 0.00010867202782
NN512, 5.433601391e-05
NN511, 0.00016300804173
NN510, 5.433601391e-05
NN517, 0.00010867202782
NN516, 5.433601391e-05
NN515, 5.433601391e-05
NN514, 0.00010867202782
NN1441, 5.433601391e-05
NN1440, 5.433601391e-05
NN1443, 5.433601391e-05
NN1442, 5.433601391e-05
NNS195, 5.433601391e-05
NNS194, 0.00010867202782
NNS197, 5.433601391e-05
NNS196, 5.433601391e-05
NNS199, 5.433601391e-05
VBN92, 5.433601391e-05
NN828, 0.00010867202782
NN1017, 5.433601391e-05
NN1283, 5.433601391e-05
NN1282, 5.433601391e-05
NN1281, 0.00010867202782
NN1280, 0.00016300804173
NN1287, 0.00016300804173
NN1286, 5.433601391e-05
NN1285, 0.00010867202782
NN1284, 5.433601391e-05
NN197, 0.00010867202782
NN196, 5.433601391e-05
NN1289, 0.00010867202782
NN1288, 5.433601391e-05
NN193, 5.433601391e-05
NN192, 5.433601391e-05
NN191, 5.433601391e-05
NN190, 5.433601391e-05
NN777, 5.433601391e-05
NN776, 0.00027168006955
NN775, 5.433601391e-05
NN774, 0.00010867202782
NN773, 5.433601391e-05
NN772, 5.433601391e-05
NN771, 5.433601391e-05
NN770, 0.00027168006955
JJ409, 0.00010867202782
JJ559, 5.433601391e-05
VB142, 0.00010867202782
NN779, 0.00010867202782
NN778, 5.433601391e-05
NN175, 0.00043468811128
NN174, 0.00016300804173
NN177, 5.433601391e-05
NN176, 5.433601391e-05
NN171, 5.433601391e-05
NN170, 0.00016300804173
NN173, 0.00010867202782
NN172, 5.433601391e-05
CD8, 0.00016300804173
CD9, 0.00010867202782
VB145, 5.433601391e-05
NN169, 5.433601391e-05
JJ408, 5.433601391e-05
NNS49, 5.433601391e-05
NNS46, 5.433601391e-05
NNS47, 5.433601391e-05
NNS44, 5.433601391e-05
NNS45, 5.433601391e-05
NNS42, 0.00010867202782
NNS43, 5.433601391e-05
NNS40, 5.433601391e-05
NNS41, 5.433601391e-05
NN438, 5.433601391e-05
NNS140, 5.433601391e-05
NN1069, 5.433601391e-05
NN1068, 0.00016300804173
NN1067, 5.433601391e-05
NN1066, 5.433601391e-05
NN1065, 5.433601391e-05
NN1064, 0.00021734405564
NN1063, 5.433601391e-05
NN1062, 5.433601391e-05
NN1061, 0.00010867202782
NN1060, 5.433601391e-05
VB157, 5.433601391e-05
VBP70, 5.433601391e-05
VB155, 5.433601391e-05
NNS254, 0.00010867202782
VB153, 0.00010867202782
VB152, 5.433601391e-05
VB151, 5.433601391e-05
VB150, 5.433601391e-05
JJ181, 5.433601391e-05
VBP72, 5.433601391e-05
VB159, 5.433601391e-05
VB158, 5.433601391e-05
VBP73, 5.433601391e-05
VBP74, 5.433601391e-05
VBP75, 5.433601391e-05
RB175, 5.433601391e-05
NN715, 0.00021734405564
JJ556, 5.433601391e-05
RB171, 5.433601391e-05
VB24, 0.00070636818083
RB173, 5.433601391e-05
RB172, 5.433601391e-05
JJ182, 0.00010867202782
NN959, 5.433601391e-05
VBD248, 5.433601391e-05
VBD249, 5.433601391e-05
JJ555, 5.433601391e-05
JJ183, 5.433601391e-05
NN712, 5.433601391e-05
JJ452, 5.433601391e-05
JJ298, 5.433601391e-05
NNS353, 5.433601391e-05
JJ299, 5.433601391e-05
JJ528, 5.433601391e-05
VBD240, 5.433601391e-05
JJ529, 5.433601391e-05
VBD241, 5.433601391e-05
JJ526, 5.433601391e-05
NN502, 5.433601391e-05
JJ527, 5.433601391e-05
JJ407, 5.433601391e-05
NN638, 5.433601391e-05
NN639, 0.00010867202782
JJ290, 5.433601391e-05
RB164, 5.433601391e-05
JJ523, 5.433601391e-05
NN486, 5.433601391e-05
JJ520, 0.00010867202782
JJ521, 5.433601391e-05
NN980, 5.433601391e-05
NN981, 5.433601391e-05
NN982, 0.00016300804173
NN983, 5.433601391e-05
NN984, 5.433601391e-05
NN985, 5.433601391e-05
NN986, 0.00010867202782
JJ451, 5.433601391e-05
NN988, 5.433601391e-05
NN989, 5.433601391e-05
VBD150, 5.433601391e-05
VBD151, 0.00010867202782
VBD152, 0.00010867202782
VBD153, 5.433601391e-05
VBD154, 5.433601391e-05
VBD155, 0.00016300804173
VBD156, 5.433601391e-05
VBD157, 5.433601391e-05
VBD158, 5.433601391e-05
VBD159, 5.433601391e-05
VBN27, 5.433601391e-05
VBZ1, 5.433601391e-05
VBZ6, 0.00032601608346
VBZ7, 0.00016300804173
VBZ4, 0.00010867202782
VBZ5, 0.00076070419474
VBG37, 5.433601391e-05
VBG36, 5.433601391e-05
VBG35, 5.433601391e-05
VBG34, 0.00010867202782
VBG33, 5.433601391e-05
JJ456, 5.433601391e-05
VBG31, 5.433601391e-05
CC4, 0.00010867202782
JJ558, 5.433601391e-05
VBG39, 5.433601391e-05
VBG38, 0.00010867202782
VBN139, 5.433601391e-05
RB169, 5.433601391e-05
JJ457, 5.433601391e-05
VBP49, 5.433601391e-05
VBP48, 0.00027168006955
VBP41, 5.433601391e-05
VBP40, 5.433601391e-05
VBP43, 5.433601391e-05
VBP42, 0.00016300804173
VBP45, 5.433601391e-05
VBP44, 5.433601391e-05
JJ539, 5.433601391e-05
VBP46, 5.433601391e-05
NN1221, 5.433601391e-05
NNS370, 5.433601391e-05
JJ225, 5.433601391e-05
NNS373, 5.433601391e-05
NNS372, 0.00016300804173
NN9, 0.00065203216692
NN8, 5.433601391e-05
NN7, 0.0005433601391
NNS375, 5.433601391e-05
NN5, 0.00059769615301
NN4, 0.00016300804173
NN3, 0.00032601608346
NN2, 0.00016300804173
NN1, 0.00407520104325
NN1224, 5.433601391e-05
VBG230, 5.433601391e-05
NNS377, 5.433601391e-05
NN508, 0.00010867202782
VBN71, 0.00010867202782
NNS376, 0.00016300804173
NNS379, 5.433601391e-05
NNS378, 5.433601391e-05
NN1259, 5.433601391e-05
JJ251, 5.433601391e-05
VBN76, 5.433601391e-05
NN1195, 5.433601391e-05
VBG185, 5.433601391e-05
VBN77, 5.433601391e-05
NN854, 5.433601391e-05
JJ535, 5.433601391e-05
NN853, 5.433601391e-05
VBP12, 0.00124972831993
NN618, 5.433601391e-05
NN619, 5.433601391e-05
JJ562, 5.433601391e-05
VBN22, 0.00016300804173
NN348, 5.433601391e-05
NN349, 5.433601391e-05
NN610, 5.433601391e-05
NN611, 5.433601391e-05
NN612, 5.433601391e-05
NN613, 0.00021734405564
NN614, 5.433601391e-05
NN877, 5.433601391e-05
NN616, 0.00021734405564
NN617, 0.00032601608346
JJ203, 5.433601391e-05
JJ534, 5.433601391e-05
JJ202, 0.00021734405564
JJ201, 0.00010867202782
NNS212, 0.00016300804173
JJ224, 5.433601391e-05
NNS210, 5.433601391e-05
NNS211, 5.433601391e-05
NNS216, 5.433601391e-05
NNS217, 0.00010867202782
NNS214, 5.433601391e-05
VB134, 5.433601391e-05
JJ180, 5.433601391e-05
JJ207, 0.00016300804173
NNS218, 0.00010867202782
NNS219, 5.433601391e-05
JJ184, 5.433601391e-05
JJ185, 0.00038035209737
JJ186, 0.00032601608346
JJ206, 0.00010867202782
JJ537, 5.433601391e-05
JJ205, 5.433601391e-05
JJ348, 5.433601391e-05
JJ349, 5.433601391e-05
JJ346, 5.433601391e-05
JJ347, 5.433601391e-05
JJ344, 5.433601391e-05
JJ345, 5.433601391e-05
JJ342, 0.00010867202782
JJ343, 5.433601391e-05
JJ340, 5.433601391e-05
VBP17, 0.00027168006955
NN504, 0.00016300804173
NNS119, 5.433601391e-05
NN1388, 5.433601391e-05
NN1389, 5.433601391e-05
NN500, 5.433601391e-05
NN501, 5.433601391e-05
xxBeGiN142xx, 0.093620951967
NN116, 0.00010867202782
NN1382, 5.433601391e-05
NN1383, 5.433601391e-05
NN1380, 5.433601391e-05
NN1381, 5.433601391e-05
NN1386, 0.00010867202782
NN1387, 5.433601391e-05
NN1384, 5.433601391e-05
NN1385, 5.433601391e-05
JJ536, 5.433601391e-05
JJ30, 0.00010867202782
NN114, 5.433601391e-05
NN113, 0.00146707237557
NN902, 0.00010867202782
NN112, 0.00103238426429
NN1194, 5.433601391e-05
NN447, 5.433601391e-05
VB139, 5.433601391e-05
NN110, 0.00010867202782
VB138, 5.433601391e-05
JJ504, 0.00016300804173
JJ505, 5.433601391e-05
JJ506, 0.00010867202782
JJ507, 5.433601391e-05
JJ500, 5.433601391e-05
JJ501, 5.433601391e-05
JJ502, 5.433601391e-05
JJ503, 5.433601391e-05
NN1276, 5.433601391e-05
NN1277, 5.433601391e-05
NNS324, 0.00016300804173
NN907, 0.00010867202782
JJ508, 5.433601391e-05
JJ509, 5.433601391e-05
NN1270, 5.433601391e-05
NN1271, 0.00021734405564
NN760, 5.433601391e-05
VB74, 5.433601391e-05
NN762, 5.433601391e-05
NN763, 5.433601391e-05
NN764, 0.00010867202782
NN765, 0.00010867202782
NN766, 5.433601391e-05
NN767, 5.433601391e-05
NN768, 0.00021734405564
NN769, 5.433601391e-05
NNS148, 0.00010867202782
NNS149, 5.433601391e-05
NN166, 5.433601391e-05
NN167, 5.433601391e-05
NN164, 0.00016300804173
NN165, 0.00016300804173
NN178, 0.00032601608346
NN119, 0.00010867202782
NN160, 0.00010867202782
NN161, 0.00032601608346
JJ567, 5.433601391e-05
NNS116, 0.00016300804173
NN815, 5.433601391e-05
NN168, 5.433601391e-05
JJ199, 0.00010867202782
NN687, 5.433601391e-05
NNS79, 0.00010867202782
NN870, 0.00010867202782
NN686, 5.433601391e-05
NNS73, 0.00010867202782
NNS72, 0.00016300804173
NNS71, 0.00016300804173
NNS70, 0.00010867202782
NNS77, 5.433601391e-05
NNS76, 5.433601391e-05
NNS75, 0.00016300804173
NNS74, 5.433601391e-05
NN1018, 0.00010867202782
NN1019, 0.00010867202782
NN1012, 5.433601391e-05
NN1013, 5.433601391e-05
NN1010, 5.433601391e-05
NN1011, 5.433601391e-05
NN1016, 0.00010867202782
JJ198, 5.433601391e-05
NN1014, 5.433601391e-05
NN1015, 5.433601391e-05
VB140, 0.00016300804173
VB141, 5.433601391e-05
JJ542, 0.00010867202782
VB143, 5.433601391e-05
VB144, 5.433601391e-05
JJ28, 5.433601391e-05
VB146, 5.433601391e-05
VB147, 5.433601391e-05
VB148, 5.433601391e-05
VB149, 5.433601391e-05
NN529, 0.00010867202782
NN294, 5.433601391e-05
JJ565, 5.433601391e-05
NN295, 0.00010867202782
NN550, 0.00010867202782
NN658, 0.00010867202782
NN296, 0.00010867202782
RB166, 5.433601391e-05
RB167, 5.433601391e-05
VB154, 5.433601391e-05
RB165, 5.433601391e-05
RB162, 5.433601391e-05
RB163, 5.433601391e-05
RB160, 5.433601391e-05
RB161, 5.433601391e-05
NN290, 5.433601391e-05
RB168, 5.433601391e-05
JJ23, 0.00184742447294
NN1126, 5.433601391e-05
NN1127, 5.433601391e-05
NN1124, 5.433601391e-05
NN1125, 5.433601391e-05
NN1122, 5.433601391e-05
NN1123, 5.433601391e-05
NN1120, 5.433601391e-05
NN1193, 5.433601391e-05
NN659, 5.433601391e-05
NN688, 5.433601391e-05
NN1128, 5.433601391e-05
NN1129, 5.433601391e-05
NNS182, 0.00010867202782
VBP71, 5.433601391e-05
NNS181, 5.433601391e-05
NN819, 0.0021734405564
JJ322, 0.00016300804173
NN851, 5.433601391e-05
NNS184, 5.433601391e-05
NNS185, 0.00021734405564
JJ568, 5.433601391e-05
JJ323, 5.433601391e-05
NNS357, 5.433601391e-05